Player,Age,Team,Pos,MIN,eFG% Rank,eFG%,TEAM FG%: Rim Rank,TEAM FG%: Rim,TEAM FG%: Short Mid Rank,TEAM FG%: Short Mid,TEAM FG%: Long Mid Rank,TEAM FG%: Long Mid,TEAM FG%: All Mid Rank,TEAM FG%: All Mid,TEAM FG%: Corner Three Rank,TEAM FG%: Corner Three,TEAM FG%: Non Corner Rank,TEAM FG%: Non Corner,TEAM FG%: All Three Rank,TEAM FG%: All Three
Arron Afflalo,26.0,DEN,Wing,2077,31,-2.0%,13,-4.6%,21,-3.9%,95,+6.0%,63,+1.0%,63,+2.3%,90,+5.4%,89,+4.4%
Solomon Alabi,23.6,TOR,Big,105,32,-1.9%,51,-0.1%,5,-9.1%,6,-6.8%,2,-7.5%,100,+36.5%,4,-9.2%,90,+4.6%
LaMarcus Aldridge,26.3,POR,Big,1987,79,+2.1%,60,+0.8%,98,+9.4%,59,+0.6%,91,+3.9%,36,-2.7%,60,+1.1%,55,+0.2%
Lavoy Allen,22.7,PHI,Big,569,25,-2.5%,4,-7.0%,79,+3.4%,9,-5.6%,29,-1.9%,75,+4.2%,80,+3.5%,86,+3.6%
Ray Allen,36.3,BOS,Wing,1558,74,+1.6%,53,+0.1%,47,-0.3%,36,-1.1%,40,-0.9%,86,+7.5%,87,+4.7%,93,+5.3%
Tony Allen,29.8,MEM,Wing,1523,55,+0.2%,16,-3.7%,93,+7.1%,24,-2.6%,75,+2.0%,48,-0.5%,65,+1.4%,61,+0.8%
Al-Farouq Aminu,21.1,NOH,Forward,1436,46,-0.6%,77,+2.5%,51,+0.3%,24,-2.7%,34,-1.4%,32,-3.7%,41,-1.3%,30,-2.1%
Lou Amundson,28.9,IND,Big,650,12,-3.6%,33,-1.7%,4,-9.8%,3,-8.3%,1,-8.9%,87,+8.4%,63,+1.2%,84,+3.4%
Chris Andersen,33.3,DEN,Big,481,36,-1.4%,26,-2.5%,86,+4.9%,2,-9.8%,22,-3.1%,73,+3.9%,25,-3.2%,41,-1.2%
Alan Anderson,29.0,TOR,Wing,450,9,-4.5%,90,+4.3%,33,-1.9%,2,-10.0%,3,-7.0%,84,+6.5%,7,-7.6%,14,-4.7%
James Anderson,22.6,SAS,Wing,512,79,+2.0%,19,-3.4%,83,+4.1%,90,+4.3%,93,+4.2%,68,+3.2%,82,+3.7%,85,+3.5%
Ryan Anderson,23.5,ORL,Big,1956,93,+3.9%,74,+2.1%,42,-1.0%,66,+1.3%,56,+0.4%,27,-4.5%,60,+1.0%,52,-0.0%
Carmelo Anthony,27.4,NYK,Forward,1871,49,-0.2%,85,+3.4%,20,-4.0%,11,-5.1%,11,-4.6%,42,-1.9%,58,+0.7%,52,+0.0%
Joel Anthony,29.2,MIA,Big,1342,95,+4.3%,70,+1.7%,82,+4.1%,92,+4.7%,95,+4.5%,57,+1.0%,97,+9.1%,96,+6.3%
Gilbert Arenas,29.8,MEM,Point,210,53,+0.1%,83,+3.2%,13,-5.9%,90,+4.4%,44,-0.6%,53,+0.4%,32,-2.3%,34,-1.8%
Trevor Ariza,26.3,NOH,Wing,1346,67,+1.0%,24,-2.7%,62,+1.3%,90,+4.3%,85,+2.9%,60,+1.6%,46,-0.8%,54,+0.1%
Omer Asik,25.3,CHI,Big,874,20,-2.7%,14,-4.3%,35,-1.7%,10,-5.4%,14,-4.2%,96,+13.2%,34,-2.1%,75,+2.1%
D.J. Augustin,24.0,CHA,Point,1404,85,+2.7%,32,-1.8%,39,-1.3%,69,+1.6%,59,+0.7%,98,+15.8%,95,+7.0%,98,+8.5%
Gustavo Ayon,26.6,NOH,Big,1042,65,+0.8%,40,-1.0%,43,-1.0%,62,+0.8%,50,-0.1%,60,+1.5%,26,-2.9%,37,-1.5%
Luke Babbitt,22.4,POR,Forward,468,19,-2.8%,53,+0.2%,42,-1.1%,4,-7.9%,8,-5.1%,71,+3.7%,40,-1.4%,49,-0.4%
Leandro Barbosa,28.9,TOR,Combo,925,56,+0.3%,37,-1.5%,17,-4.7%,25,-2.6%,22,-3.1%,77,+4.5%,89,+5.1%,91,+4.9%
Leandro Barbosa,28.9,IND,Wing,413,6,-5.0%,9,-5.4%,0,-15.2%,0,-11.9%,0,-13.0%,76,+4.3%,91,+5.7%,93,+5.2%
J.J. Barea,27.3,MIN,Point,1022,62,+0.6%,14,-4.3%,45,-0.7%,68,+1.6%,48,-0.3%,82,+6.3%,75,+2.8%,86,+3.6%
Andrea Bargnani,26.0,TOR,Forward,1030,83,+2.4%,80,+2.8%,87,+5.3%,87,+3.9%,94,+4.4%,48,-0.5%,49,-0.4%,48,-0.4%
Matt Barnes,31.6,LAL,Wing,1429,80,+2.2%,45,-0.5%,83,+4.1%,70,+1.7%,85,+2.8%,70,+3.6%,55,+0.4%,68,+1.4%
Brandon Bass,26.5,BOS,Big,1850,84,+2.6%,50,-0.1%,41,-1.1%,96,+6.2%,91,+4.0%,66,+2.7%,78,+3.2%,83,+3.4%
Tony Battie,35.7,PHI,Big,286,42,-0.9%,71,+1.8%,22,-3.7%,53,+0.1%,33,-1.5%,81,+5.7%,35,-1.9%,50,-0.2%
Shane Battier,33.1,MIA,Wing,1451,14,-3.1%,13,-4.5%,46,-0.3%,41,-0.6%,45,-0.5%,64,+2.4%,3,-10.1%,8,-5.8%
Nicolas Batum,22.9,POR,Wing,1747,71,+1.3%,27,-2.3%,73,+2.4%,68,+1.6%,74,+1.9%,32,-3.7%,90,+5.2%,77,+2.3%
Jerryd Bayless,23.2,TOR,Combo,684,79,+2.0%,53,+0.1%,33,-1.8%,45,-0.5%,39,-1.0%,82,+6.3%,94,+6.5%,96,+6.4%
Michael Beasley,22.8,MIN,Forward,1043,39,-1.2%,37,-1.4%,84,+4.3%,77,+2.7%,87,+3.1%,39,-2.4%,17,-4.4%,20,-3.7%
Rodrigue Beaubois,23.7,DAL,Combo,1069,87,+2.9%,76,+2.5%,83,+4.2%,76,+2.5%,88,+3.4%,71,+3.7%,57,+0.6%,66,+1.3%
Marco Belinelli,25.6,NOH,Combo,1944,60,+0.5%,34,-1.6%,45,-0.7%,81,+3.3%,70,+1.6%,87,+8.2%,43,-1.2%,68,+1.5%
Raja Bell,35.1,UTA,Wing,794,77,+1.9%,69,+1.6%,55,+0.7%,79,+3.0%,72,+1.8%,74,+4.2%,90,+5.3%,91,+4.9%
Mike Bibby,33.5,NYK,Point,522,32,-1.8%,46,-0.5%,2,-11.1%,72,+2.0%,27,-2.2%,51,-0.0%,65,+1.4%,63,+1.0%
Andris Biedrins,25.6,GSW,Big,737,56,+0.3%,78,+2.6%,33,-1.9%,51,-0.1%,42,-0.7%,93,+10.9%,19,-4.0%,65,+1.3%
Chauncey Billups,35.1,LAC,Combo,605,54,+0.1%,24,-2.7%,19,-4.5%,66,+1.3%,43,-0.7%,57,+1.1%,62,+1.1%,64,+1.1%
Bismack Biyombo,19.2,CHA,Big,1377,34,-1.6%,29,-2.0%,13,-5.9%,33,-1.4%,24,-2.8%,15,-8.9%,76,+2.9%,61,+0.9%
DeJuan Blair,22.5,SAS,Big,1319,12,-3.7%,9,-5.5%,61,+1.3%,68,+1.6%,69,+1.5%,13,-9.6%,65,+1.4%,30,-2.2%
Steve Blake,31.7,LAL,Point,1234,47,-0.6%,22,-3.0%,53,+0.4%,76,+2.6%,71,+1.6%,79,+4.7%,15,-5.1%,31,-2.0%
Andray Blatche,25.2,WAS,Big,623,15,-3.1%,21,-3.1%,17,-4.8%,41,-0.6%,27,-2.1%,57,+1.1%,24,-3.3%,34,-1.8%
Eric Bledsoe,21.9,LAC,Combo,431,52,+0.0%,59,+0.7%,48,-0.2%,44,-0.5%,47,-0.4%,58,+1.2%,39,-1.4%,48,-0.5%
Andrew Bogut,26.9,MIL,Big,363,62,+0.6%,97,+7.3%,55,+0.7%,12,-5.0%,26,-2.5%,52,+0.2%,22,-3.5%,25,-2.6%
Matt Bonner,31.6,SAS,Big,1299,97,+4.7%,94,+5.4%,70,+2.1%,18,-3.8%,41,-0.8%,83,+6.3%,74,+2.6%,85,+3.6%
Trevor Booker,23.9,WAS,Big,1243,76,+1.7%,67,+1.5%,77,+3.2%,48,-0.3%,66,+1.2%,58,+1.1%,84,+4.0%,82,+3.0%
Carlos Boozer,29.9,CHI,Big,1946,72,+1.3%,75,+2.2%,70,+2.1%,91,+4.5%,90,+3.7%,34,-3.3%,54,+0.3%,46,-0.7%
Chris Bosh,27.6,MIA,Big,1977,96,+4.5%,98,+7.8%,68,+1.9%,56,+0.3%,62,+1.0%,92,+10.4%,84,+3.9%,95,+6.2%
Earl Boykins,35.4,HOU,Point,110,8,-4.5%,3,-8.6%,69,+2.0%,92,+4.6%,89,+3.5%,2,-21.5%,83,+3.7%,14,-4.8%
Avery Bradley,20.9,BOS,Combo,1300,70,+1.2%,72,+2.0%,55,+0.7%,81,+3.2%,81,+2.6%,39,-2.2%,27,-2.9%,29,-2.3%
Elton Brand,32.6,PHI,Big,1728,67,+1.0%,84,+3.2%,49,-0.1%,82,+3.3%,73,+1.8%,18,-7.7%,66,+1.5%,46,-0.6%
Corey Brewer,25.7,DEN,Wing,1245,43,-0.9%,40,-1.1%,31,-2.1%,60,+0.7%,43,-0.7%,50,-0.2%,15,-5.1%,23,-3.0%
Ronnie Brewer,26.6,CHI,Wing,1585,66,+0.9%,91,+4.6%,90,+5.9%,22,-3.2%,50,-0.1%,50,-0.2%,42,-1.2%,44,-0.9%
Jon Brockman,24.6,MIL,Big,169,16,-3.0%,28,-2.1%,69,+2.1%,46,-0.4%,57,+0.5%,22,-6.0%,11,-5.9%,7,-6.0%
MarShon Brooks,22.8,NJN,Wing,1611,40,-1.1%,88,+3.8%,61,+1.2%,20,-3.6%,32,-1.8%,25,-5.1%,26,-3.0%,20,-3.6%
Derrick Brown,24.1,CHA,Forward,1292,50,-0.1%,59,+0.7%,57,+0.9%,60,+0.7%,60,+0.8%,52,+0.1%,27,-2.9%,27,-2.4%
Kwame Brown,29.6,GSW,Big,186,18,-2.9%,35,-1.6%,88,+5.5%,37,-1.0%,71,+1.7%,1,-26.5%,25,-3.2%,1,-10.7%
Shannon Brown,25.9,PHX,Wing,1309,27,-2.4%,28,-2.1%,41,-1.2%,8,-5.7%,15,-3.8%,73,+4.0%,47,-0.7%,55,+0.4%
Kobe Bryant,33.2,LAL,Wing,2228,47,-0.6%,80,+2.8%,43,-0.9%,81,+3.2%,66,+1.2%,33,-3.5%,18,-4.4%,17,-4.1%
Chase Budinger,23.4,HOU,Wing,1268,51,-0.0%,59,+0.7%,58,+0.9%,30,-1.8%,46,-0.4%,78,+4.5%,38,-1.6%,61,+0.8%
Alec Burks,20.3,UTA,Wing,884,15,-3.1%,25,-2.6%,12,-6.3%,23,-2.9%,11,-4.6%,7,-12.9%,22,-3.6%,10,-5.5%
Caron Butler,31.6,LAC,Wing,1866,90,+3.3%,58,+0.7%,82,+4.0%,88,+4.1%,92,+4.1%,68,+3.3%,60,+0.9%,71,+1.7%
Jimmy Butler,22.1,CHI,Wing,269,20,-2.7%,16,-4.0%,77,+3.2%,74,+2.3%,82,+2.6%,18,-8.0%,3,-9.8%,3,-9.3%
Rasual Butler,32.4,TOR,Wing,439,13,-3.2%,70,+1.7%,1,-13.0%,44,-0.5%,12,-4.4%,24,-5.2%,45,-0.9%,30,-2.2%
Andrew Bynum,24.0,LAL,Big,2109,63,+0.7%,96,+6.3%,8,-7.7%,25,-2.6%,9,-5.0%,59,+1.5%,61,+1.1%,64,+1.2%
Will Bynum,28.8,DET,Point,450,14,-3.2%,69,+1.6%,36,-1.6%,1,-11.7%,3,-7.2%,28,-4.4%,38,-1.6%,28,-2.4%
Jose Calderon,30.1,TOR,Point,1789,71,+1.3%,63,+1.0%,85,+4.6%,69,+1.7%,80,+2.5%,4,-14.9%,78,+3.2%,38,-1.4%
Marcus Camby,37.6,POR,Big,891,77,+1.8%,64,+1.2%,54,+0.6%,49,-0.3%,51,-0.1%,46,-0.9%,71,+2.0%,59,+0.7%
Marcus Camby,37.6,HOU,Big,458,72,+1.3%,47,-0.4%,79,+3.4%,21,-3.4%,45,-0.5%,72,+3.9%,97,+9.0%,97,+7.0%
Brian Cardinal,34.5,DAL,Forward,213,5,-5.5%,3,-7.9%,78,+3.4%,82,+3.3%,88,+3.4%,20,-6.7%,2,-11.2%,2,-10.0%
DeMarre Carroll,25.3,UTA,Wing,318,74,+1.6%,81,+2.9%,27,-2.7%,32,-1.6%,27,-2.3%,23,-5.8%,99,+11.3%,98,+8.2%
Matt Carroll,31.2,CHA,Wing,455,48,-0.4%,35,-1.6%,67,+1.9%,41,-0.6%,53,+0.1%,98,+15.9%,28,-2.8%,68,+1.4%
Anthony Carter,36.4,TOR,Point,187,16,-3.0%,74,+2.2%,44,-0.8%,30,-1.8%,34,-1.5%,18,-7.6%,1,-11.5%,1,-10.4%
Vince Carter,34.8,DAL,Wing,1507,93,+3.8%,46,-0.4%,63,+1.4%,63,+1.0%,67,+1.3%,88,+8.5%,96,+7.3%,98,+7.6%
Omri Casspi,23.4,CLE,Forward,1261,45,-0.6%,25,-2.6%,62,+1.4%,78,+2.8%,77,+2.1%,40,-2.1%,25,-3.2%,24,-2.9%
Mario Chalmers,25.5,MIA,Point,1795,86,+2.7%,96,+6.1%,60,+1.2%,54,+0.2%,59,+0.7%,80,+5.1%,32,-2.3%,56,+0.4%
Tyson Chandler,29.1,NYK,Big,2055,45,-0.6%,90,+4.4%,70,+2.1%,21,-3.3%,33,-1.6%,29,-4.1%,21,-3.8%,18,-3.9%
Wilson Chandler,24.5,DEN,Forward,210,68,+1.1%,54,+0.2%,67,+1.7%,37,-1.0%,53,+0.2%,95,+13.0%,79,+3.4%,92,+5.1%
Josh Childress,28.4,PHX,Wing,443,13,-3.4%,22,-3.0%,8,-7.7%,47,-0.4%,16,-3.5%,2,-20.0%,46,-0.8%,10,-5.3%
Earl Clark,23.8,ORL,Big,499,5,-5.7%,26,-2.3%,7,-7.7%,59,+0.7%,22,-3.0%,75,+4.2%,28,-2.8%,33,-1.8%
Norris Cole,23.0,MIA,Point,1143,9,-4.4%,11,-5.1%,17,-4.8%,19,-3.8%,13,-4.2%,20,-6.9%,55,+0.4%,30,-2.2%
Jason Collins,32.9,ATL,Big,265,51,-0.1%,73,+2.0%,95,+7.6%,14,-4.5%,39,-1.0%,78,+4.7%,58,+0.7%,79,+2.6%
Darren Collison,24.2,IND,Point,1870,85,+2.6%,75,+2.2%,92,+6.6%,72,+1.9%,93,+4.2%,89,+9.2%,37,-1.7%,68,+1.4%
Nick Collison,31.0,OKC,Big,1249,85,+2.6%,17,-3.6%,70,+2.1%,65,+1.1%,69,+1.5%,90,+9.4%,74,+2.5%,88,+4.1%
Mike Conley,24.1,MEM,Point,2167,89,+3.0%,64,+1.2%,91,+6.2%,55,+0.2%,86,+3.0%,95,+11.8%,83,+3.8%,95,+5.8%
Brian Cook,30.9,WAS,Big,124,83,+2.4%,97,+6.6%,28,-2.6%,60,+0.7%,43,-0.7%,0,-41.0%,97,+7.9%,41,-1.2%
Daequan Cook,24.5,OKC,Wing,917,58,+0.4%,62,+0.9%,11,-6.4%,91,+4.5%,50,-0.1%,28,-4.4%,68,+1.7%,60,+0.8%
DeMarcus Cousins,21.2,SAC,Big,1922,35,-1.5%,13,-4.4%,6,-8.9%,72,+2.1%,19,-3.3%,43,-1.7%,62,+1.2%,56,+0.4%
Jamal Crawford,31.6,POR,Combo,1580,37,-1.2%,19,-3.3%,14,-5.7%,89,+4.1%,57,+0.5%,59,+1.5%,40,-1.3%,54,+0.1%
Jordan Crawford,23.0,WAS,Wing,1713,77,+1.9%,82,+3.0%,79,+3.4%,75,+2.4%,82,+2.7%,52,+0.2%,11,-5.9%,17,-4.1%
Dante Cunningham,24.5,MEM,Big,1080,44,-0.7%,85,+3.4%,46,-0.6%,66,+1.4%,56,+0.4%,5,-14.0%,26,-3.1%,8,-5.8%
Stephen Curry,23.6,GSW,Point,728,87,+2.8%,55,+0.2%,70,+2.1%,89,+4.2%,87,+3.2%,91,+9.6%,54,+0.2%,82,+3.2%
Samuel Dalembert,31.5,HOU,Big,1432,55,+0.2%,29,-2.0%,40,-1.2%,96,+6.3%,81,+2.6%,19,-7.2%,66,+1.5%,41,-1.2%
Marquis Daniels,30.8,BOS,Wing,440,33,-1.8%,55,+0.3%,5,-9.1%,58,+0.6%,16,-3.7%,74,+4.2%,68,+1.7%,76,+2.2%
Baron Davis,32.6,NYK,Point,584,97,+4.8%,88,+3.9%,90,+5.9%,61,+0.8%,83,+2.7%,86,+7.6%,78,+3.2%,89,+4.4%
Ed Davis,22.4,TOR,Big,1459,20,-2.7%,20,-3.2%,30,-2.2%,38,-1.0%,35,-1.3%,62,+2.2%,14,-5.1%,22,-3.3%
Glen Davis,25.8,ORL,Big,1395,14,-3.2%,18,-3.4%,91,+6.0%,49,-0.2%,78,+2.4%,36,-2.7%,42,-1.2%,36,-1.6%
Austin Daye,23.4,DET,Wing,494,4,-5.7%,40,-1.0%,19,-4.3%,3,-8.2%,5,-6.6%,27,-4.5%,11,-5.9%,9,-5.7%
DeMar DeRozan,22.2,TOR,Wing,2180,83,+2.5%,97,+7.2%,79,+3.4%,73,+2.2%,80,+2.5%,40,-2.1%,45,-0.9%,41,-1.2%
Carlos Delfino,29.2,MIL,Wing,1517,54,+0.1%,63,+1.1%,56,+0.7%,45,-0.5%,52,+0.0%,21,-6.3%,67,+1.5%,47,-0.5%
Luol Deng,26.5,CHI,Wing,2114,58,+0.4%,57,+0.6%,3,-10.4%,77,+2.7%,32,-1.8%,22,-5.9%,96,+7.2%,84,+3.4%
Boris Diaw,29.5,CHA,Forward,1007,52,-0.0%,63,+1.1%,85,+4.4%,24,-2.8%,43,-0.7%,3,-16.3%,59,+0.8%,31,-2.1%
Boris Diaw,29.5,SAS,Big,366,88,+2.9%,27,-2.3%,92,+6.5%,83,+3.5%,96,+5.1%,85,+7.0%,58,+0.7%,81,+2.9%
DeSagana Diop,29.8,CHA,Big,300,7,-4.8%,0,-11.5%,27,-2.8%,20,-3.4%,20,-3.3%,97,+15.7%,74,+2.7%,91,+4.9%
Keyon Dooling,31.5,BOS,Combo,629,30,-2.2%,83,+3.2%,71,+2.3%,9,-5.6%,21,-3.2%,29,-4.1%,30,-2.6%,22,-3.3%
Toney Douglas,25.6,NYK,Combo,617,17,-3.0%,80,+2.8%,59,+1.1%,4,-8.1%,11,-4.6%,64,+2.5%,18,-4.1%,26,-2.5%
Goran Dragic,25.5,HOU,Combo,1707,80,+2.2%,82,+3.0%,91,+6.2%,16,-4.1%,60,+0.8%,70,+3.6%,34,-1.9%,57,+0.6%
Jared Dudley,26.3,PHX,Wing,2009,94,+4.1%,91,+4.4%,93,+7.1%,95,+5.7%,98,+6.3%,29,-4.2%,54,+0.3%,45,-0.8%
Chris Duhon,29.2,ORL,Point,1199,34,-1.6%,36,-1.5%,34,-1.8%,44,-0.5%,36,-1.2%,94,+11.4%,46,-0.8%,70,+1.6%
Tim Duncan,35.5,SAS,Big,1630,11,-3.8%,58,+0.7%,16,-5.0%,39,-0.7%,23,-2.8%,50,-0.2%,29,-2.7%,36,-1.6%
Mike Dunleavy,31.1,MIL,Wing,1403,56,+0.3%,31,-1.9%,19,-4.4%,85,+3.6%,57,+0.5%,70,+3.7%,48,-0.7%,57,+0.5%
Kevin Durant,23.1,OKC,Forward,2535,11,-3.8%,20,-3.3%,40,-1.3%,31,-1.7%,32,-1.7%,31,-3.8%,43,-1.0%,29,-2.3%
Jerome Dyson,24.5,NOH,Point,178,2,-7.0%,1,-9.6%,15,-5.1%,1,-10.5%,1,-8.2%,44,-1.7%,79,+3.4%,78,+2.4%
Devin Ebanks,22.0,LAL,Wing,377,42,-0.9%,23,-3.0%,85,+4.5%,23,-3.1%,59,+0.7%,23,-5.7%,71,+2.0%,50,-0.3%
Wayne Ellington,23.9,MIN,Wing,935,65,+0.8%,93,+5.1%,10,-6.6%,61,+0.7%,26,-2.4%,63,+2.4%,59,+0.8%,63,+1.1%
Monta Ellis,26.0,GSW,Combo,1360,29,-2.3%,23,-2.8%,79,+3.4%,29,-2.0%,58,+0.6%,16,-8.3%,13,-5.4%,11,-5.1%
Monta Ellis,26.0,MIL,Wing,752,18,-2.9%,17,-3.6%,14,-5.7%,71,+1.8%,33,-1.5%,10,-10.6%,43,-1.1%,22,-3.4%
Semih Erden,25.3,CLE,Big,303,38,-1.2%,60,+0.8%,18,-4.7%,15,-4.3%,12,-4.5%,88,+8.5%,33,-2.2%,52,+0.0%
Jeremy Evans,24.0,UTA,Forward,162,13,-3.2%,79,+2.7%,21,-3.8%,12,-5.1%,10,-4.7%,1,-22.4%,50,-0.2%,9,-5.7%
Maurice Evans,33.0,WAS,Wing,318,82,+2.4%,49,-0.2%,48,-0.2%,93,+4.9%,79,+2.4%,11,-10.1%,99,+13.2%,91,+4.9%
Reggie Evans,31.5,LAC,Big,739,7,-4.9%,2,-8.9%,27,-2.9%,58,+0.4%,44,-0.6%,25,-4.9%,66,+1.4%,46,-0.6%
Tyreke Evans,22.1,SAC,Wing,2152,65,+0.8%,88,+3.8%,13,-5.8%,23,-2.9%,13,-4.3%,46,-0.9%,63,+1.2%,58,+0.6%
Kenneth Faried,21.9,DEN,Big,996,31,-2.0%,28,-2.1%,38,-1.4%,67,+1.5%,52,+0.1%,28,-4.4%,82,+3.7%,62,+1.0%
Jordan Farmar,24.9,NJN,Combo,796,72,+1.3%,78,+2.6%,29,-2.3%,47,-0.4%,38,-1.1%,78,+4.6%,58,+0.7%,72,+1.8%
Derrick Favors,20.3,UTA,Big,1349,30,-2.2%,27,-2.3%,22,-3.8%,18,-3.9%,15,-3.8%,37,-2.6%,16,-4.6%,16,-4.2%
Raymond Felton,27.3,POR,Point,1899,88,+2.9%,74,+2.2%,88,+5.4%,45,-0.5%,72,+1.7%,77,+4.5%,64,+1.4%,74,+2.0%
Rudy Fernandez,26.6,DEN,Wing,685,71,+1.3%,76,+2.4%,85,+4.6%,84,+3.6%,91,+4.0%,83,+6.4%,5,-8.6%,18,-3.9%
Landry Fields,23.3,NYK,Wing,1855,89,+3.0%,78,+2.6%,57,+0.9%,59,+0.6%,58,+0.6%,16,-8.2%,88,+4.9%,70,+1.6%
Derek Fisher,37.2,LAL,Point,1100,32,-1.9%,28,-2.1%,51,+0.3%,48,-0.3%,52,-0.0%,19,-7.4%,18,-4.3%,11,-5.2%
Derek Fisher,37.2,OKC,Point,361,98,+5.3%,72,+1.9%,67,+1.7%,89,+4.2%,93,+4.1%,95,+12.2%,53,+0.1%,88,+3.9%
Jonny Flynn,22.7,POR,Point,270,86,+2.7%,96,+6.4%,52,+0.3%,64,+1.0%,61,+0.9%,61,+2.1%,52,+0.0%,58,+0.6%
Gary Forbes,26.7,TOR,Wing,649,41,-1.0%,6,-6.2%,58,+1.0%,76,+2.5%,76,+2.1%,98,+17.5%,9,-6.7%,49,-0.4%
T.J. Ford,28.6,SAS,Point,160,90,+3.1%,100,+9.3%,1,-13.2%,100,+8.9%,25,-2.6%,55,+0.6%,67,+1.6%,68,+1.4%
Jeff Foster,34.8,IND,Big,140,14,-3.2%,18,-3.4%,3,-10.7%,11,-5.2%,2,-7.2%,93,+11.3%,54,+0.3%,84,+3.4%
Randy Foye,28.1,LAC,Wing,1632,48,-0.4%,54,+0.2%,59,+1.1%,26,-2.3%,37,-1.1%,31,-3.8%,69,+1.8%,53,+0.1%
Jimmer Fredette,22.7,SAC,Combo,1056,49,-0.3%,30,-1.9%,86,+4.8%,80,+3.1%,91,+3.9%,41,-2.0%,34,-2.0%,31,-2.0%
Channing Frye,28.5,PHX,Big,1653,100,+7.2%,99,+8.5%,92,+6.2%,92,+4.8%,96,+5.4%,66,+2.7%,94,+6.5%,94,+5.5%
Sundiata Gaines,25.5,NJN,Combo,723,43,-0.9%,3,-7.5%,24,-3.2%,98,+7.1%,89,+3.4%,80,+5.2%,51,-0.1%,66,+1.3%
Danilo Gallinari,23.2,DEN,Forward,1347,69,+1.1%,61,+0.8%,82,+4.0%,22,-3.2%,55,+0.3%,38,-2.5%,82,+3.7%,69,+1.5%
Francisco Garcia,29.8,SAC,Wing,770,29,-2.2%,38,-1.3%,82,+4.0%,27,-2.2%,61,+0.9%,13,-9.3%,25,-3.2%,12,-4.9%
Kevin Garnett,35.5,BOS,Big,1855,84,+2.6%,76,+2.3%,74,+2.6%,87,+3.9%,90,+3.6%,13,-9.4%,94,+6.5%,61,+0.8%
Marc Gasol,26.8,MEM,Big,2363,81,+2.3%,79,+2.7%,73,+2.3%,36,-1.1%,58,+0.5%,99,+18.7%,71,+2.0%,96,+6.2%
Pau Gasol,31.3,LAL,Big,2425,38,-1.2%,86,+3.4%,12,-6.2%,60,+0.7%,25,-2.7%,30,-3.9%,44,-1.0%,34,-1.8%
Rudy Gay,25.2,MEM,Forward,2415,39,-1.2%,68,+1.6%,40,-1.2%,10,-5.4%,18,-3.4%,51,+0.1%,66,+1.4%,59,+0.7%
Alonzo Gee,24.4,CLE,Wing,1785,41,-1.0%,69,+1.6%,31,-2.2%,17,-4.0%,22,-3.1%,54,+0.4%,60,+0.9%,60,+0.8%
Paul George,21.5,IND,Wing,1937,76,+1.7%,48,-0.3%,97,+8.8%,71,+1.8%,96,+5.1%,24,-5.1%,24,-3.2%,19,-3.7%
Daniel Gibson,25.7,CLE,Wing,885,57,+0.3%,37,-1.4%,59,+1.1%,35,-1.2%,52,+0.0%,37,-2.7%,70,+1.9%,60,+0.8%
Taj Gibson,26.4,CHI,Big,1199,25,-2.5%,20,-3.3%,26,-2.9%,7,-6.0%,9,-4.9%,65,+2.6%,57,+0.7%,65,+1.3%
Manu Ginobili,34.3,SAS,Wing,787,99,+7.0%,99,+9.0%,76,+3.1%,75,+2.4%,83,+2.7%,56,+0.8%,56,+0.5%,58,+0.6%
Mickell Gladness,25.3,GSW,Big,222,4,-5.8%,32,-1.8%,48,-0.3%,14,-4.6%,23,-3.0%,44,-1.6%,1,-12.1%,2,-10.2%
Ryan Gomes,29.2,LAC,Forward,366,9,-4.5%,34,-1.6%,44,-0.8%,7,-6.2%,12,-4.4%,3,-15.2%,79,+3.4%,40,-1.2%
Drew Gooden,30.1,MIL,Big,1462,65,+0.8%,35,-1.6%,63,+1.4%,82,+3.4%,82,+2.6%,90,+9.4%,41,-1.3%,70,+1.6%
Ben Gordon,28.6,DET,Combo,1343,61,+0.5%,43,-0.6%,39,-1.3%,83,+3.4%,69,+1.4%,63,+2.3%,57,+0.6%,64,+1.1%
Eric Gordon,22.9,NOH,Combo,303,98,+5.6%,100,+13.7%,38,-1.4%,96,+6.1%,79,+2.5%,64,+2.5%,9,-6.7%,15,-4.4%
Marcin Gortat,27.7,PHX,Big,2108,99,+6.6%,95,+5.5%,99,+10.1%,94,+5.3%,99,+7.3%,91,+9.7%,70,+1.8%,86,+3.7%
Andrew Goudelock,22.9,LAL,Combo,399,53,+0.1%,34,-1.6%,93,+6.7%,1,-10.3%,31,-1.9%,61,+1.8%,86,+4.5%,86,+3.6%
Danny Granger,28.5,IND,Wing,2060,95,+4.4%,66,+1.4%,97,+7.8%,96,+6.2%,98,+7.0%,66,+2.7%,71,+2.0%,79,+2.5%
Aaron Gray,26.9,TOR,Big,804,33,-1.7%,10,-5.2%,35,-1.6%,26,-2.3%,30,-1.9%,41,-2.0%,85,+4.3%,80,+2.7%
Danny Green,24.4,SAS,Wing,1471,21,-2.6%,21,-3.1%,10,-6.5%,21,-3.3%,9,-5.0%,56,+0.9%,69,+1.8%,69,+1.5%
Gerald Green,25.8,NJN,Forward,753,87,+2.8%,63,+1.0%,93,+7.0%,85,+3.6%,95,+4.8%,82,+6.3%,53,+0.2%,72,+1.8%
Willie Green,30.3,ATL,Wing,784,11,-4.0%,16,-3.7%,23,-3.5%,31,-1.8%,26,-2.4%,76,+4.3%,9,-6.6%,23,-3.1%
Donte Greene,23.7,SAC,Big,736,38,-1.2%,72,+1.8%,15,-5.3%,29,-1.9%,16,-3.7%,8,-12.1%,50,-0.1%,19,-3.7%
Blake Griffin,22.6,LAC,Big,2383,99,+6.1%,98,+8.0%,46,-0.6%,88,+4.0%,78,+2.4%,38,-2.5%,85,+4.1%,74,+2.0%
Hamed Haddadi,26.5,MEM,Big,184,50,-0.1%,64,+1.2%,65,+1.5%,67,+1.4%,62,+1.0%,14,-9.1%,2,-10.3%,2,-10.0%
Jordan Hamilton,21.1,DEN,Wing,229,70,+1.2%,46,-0.4%,84,+4.2%,98,+7.2%,97,+5.6%,43,-1.7%,72,+2.2%,62,+0.9%
Richard Hamilton,33.7,CHI,Wing,695,74,+1.5%,66,+1.3%,73,+2.5%,99,+7.5%,97,+5.8%,19,-7.0%,43,-1.0%,25,-2.7%
Tyler Hansbrough,26.0,IND,Big,1371,10,-4.0%,38,-1.3%,5,-9.7%,14,-4.6%,3,-7.0%,85,+7.0%,24,-3.3%,51,-0.2%
Luke Harangody,23.8,CLE,Big,173,28,-2.3%,35,-1.6%,24,-3.1%,65,+1.1%,40,-0.8%,21,-6.4%,50,-0.2%,37,-1.4%
James Harden,22.2,OKC,Wing,1873,95,+4.4%,65,+1.3%,96,+7.6%,43,-0.5%,82,+2.7%,68,+3.3%,77,+3.2%,84,+3.4%
Josh Harrellson,22.7,NYK,Big,475,52,+0.0%,16,-3.7%,9,-7.2%,73,+2.1%,41,-0.8%,73,+4.0%,81,+3.6%,87,+3.8%
Al Harrington,31.7,DEN,Big,1751,59,+0.5%,45,-0.5%,32,-1.9%,26,-2.3%,28,-2.1%,89,+9.2%,10,-6.3%,42,-1.2%
Devin Harris,28.7,UTA,Point,1738,91,+3.6%,71,+1.8%,77,+3.2%,91,+4.5%,90,+3.7%,85,+7.4%,98,+10.0%,99,+9.5%
Manny Harris,22.1,CLE,Wing,391,27,-2.3%,39,-1.1%,96,+7.6%,20,-3.6%,72,+1.8%,19,-7.1%,7,-7.5%,5,-7.5%
Terrel Harris,24.2,MIA,Combo,277,5,-5.6%,12,-4.6%,11,-6.5%,8,-5.7%,5,-6.0%,7,-12.8%,13,-5.6%,4,-8.5%
Tobias Harris,19.3,MIL,Forward,403,33,-1.7%,68,+1.6%,3,-10.4%,57,+0.4%,14,-4.2%,12,-9.7%,36,-1.8%,18,-3.9%
Udonis Haslem,31.4,MIA,Big,1548,4,-5.8%,6,-6.3%,15,-5.5%,31,-1.8%,17,-3.4%,30,-3.9%,13,-5.5%,12,-5.0%
Spencer Hawes,23.5,PHI,Big,918,64,+0.8%,73,+2.0%,95,+7.5%,30,-1.9%,78,+2.2%,23,-5.7%,16,-4.5%,13,-4.8%
Chuck Hayes,28.4,SAC,Big,1026,54,+0.1%,33,-1.7%,75,+2.7%,68,+1.6%,76,+2.1%,80,+5.1%,46,-0.8%,60,+0.8%
Gordon Hayward,21.6,UTA,Wing,1999,82,+2.4%,41,-1.0%,80,+3.6%,92,+4.6%,92,+4.0%,57,+0.9%,95,+6.9%,94,+5.6%
Brendan Haywood,31.9,DAL,Big,1143,51,-0.1%,44,-0.6%,80,+3.6%,55,+0.3%,73,+1.8%,7,-12.1%,75,+2.8%,45,-0.9%
Gerald Henderson,23.9,CHA,Wing,1811,78,+2.0%,80,+2.8%,72,+2.3%,64,+1.0%,68,+1.4%,21,-6.3%,80,+3.5%,73,+2.0%
Xavier Henry,20.6,NOH,Wing,721,19,-2.7%,49,-0.2%,31,-2.2%,5,-7.6%,8,-5.2%,33,-3.4%,51,0.0%,43,-1.0%
Roy Hibbert,24.9,IND,Big,1933,97,+4.8%,73,+2.1%,98,+9.2%,98,+7.4%,100,+8.1%,41,-2.0%,78,+3.3%,71,+1.7%
JJ Hickson,23.2,SAC,Big,620,34,-1.6%,88,+3.7%,31,-2.1%,32,-1.6%,30,-1.9%,89,+9.0%,20,-3.9%,45,-0.7%
JJ Hickson,23.2,POR,Big,595,80,+2.2%,98,+7.8%,2,-12.6%,75,+2.3%,19,-3.3%,93,+10.7%,36,-1.8%,72,+1.8%
Cory Higgins,22.4,CHA,Combo,285,41,-0.9%,65,+1.3%,64,+1.5%,27,-2.2%,38,-1.1%,94,+11.4%,1,-12.2%,9,-5.7%
Nene Hilario,29.1,DEN,Big,825,75,+1.7%,75,+2.3%,46,-0.3%,69,+1.7%,58,+0.6%,82,+6.0%,46,-0.8%,69,+1.5%
Nene Hilario,29.1,WAS,Big,271,92,+3.8%,94,+5.3%,18,-4.7%,93,+4.8%,70,+1.5%,98,+18.6%,8,-6.9%,84,+3.4%
George Hill,25.5,IND,Combo,1253,38,-1.2%,67,+1.5%,16,-5.0%,32,-1.4%,20,-3.2%,47,-0.6%,30,-2.5%,33,-1.9%
Grant Hill,39.1,PHX,Forward,1376,93,+4.0%,87,+3.6%,92,+6.5%,84,+3.6%,95,+4.8%,69,+3.4%,82,+3.7%,87,+3.7%
Jordan Hill,24.3,HOU,Big,438,61,+0.6%,97,+7.0%,73,+2.5%,64,+1.1%,75,+1.9%,89,+8.9%,10,-6.5%,25,-2.8%
Kirk Hinrich,30.8,ATL,Combo,1211,72,+1.4%,93,+5.0%,72,+2.3%,37,-1.0%,54,+0.2%,72,+3.8%,20,-3.9%,40,-1.2%
Jrue Holiday,21.4,PHI,Combo,2177,48,-0.3%,30,-1.9%,23,-3.5%,71,+1.9%,46,-0.4%,60,+1.6%,76,+2.9%,76,+2.2%
Ryan Hollins,27.1,CLE,Big,346,22,-2.6%,28,-2.1%,5,-9.6%,52,+0.0%,8,-5.2%,56,+0.9%,50,-0.2%,54,+0.1%
Ryan Hollins,27.1,BOS,Big,147,12,-3.5%,26,-2.4%,90,+6.0%,34,-1.3%,65,+1.1%,12,-9.9%,0,-13.8%,0,-11.9%
Al Horford,25.4,ATL,Big,347,68,+1.1%,64,+1.2%,57,+0.8%,13,-4.9%,20,-3.2%,72,+3.9%,92,+6.0%,92,+5.2%
Dwight Howard,25.9,ORL,Big,2063,91,+3.5%,56,+0.4%,52,+0.3%,53,+0.1%,57,+0.5%,69,+3.6%,86,+4.5%,89,+4.4%
Josh Howard,31.5,UTA,Wing,972,15,-3.1%,39,-1.1%,34,-1.7%,26,-2.3%,29,-2.0%,97,+15.3%,2,-11.2%,8,-5.8%
Juwan Howard,38.7,MIA,Big,118,1,-8.0%,0,-15.5%,5,-9.6%,97,+6.9%,37,-1.1%,0,-28.3%,88,+4.8%,6,-6.9%
Lester Hudson,27.2,CLE,Combo,261,93,+4.1%,100,+9.5%,74,+2.6%,1,-10.2%,13,-4.3%,98,+17.9%,33,-2.2%,84,+3.4%
Larry Hughes,32.8,ORL,Combo,102,0,-11.9%,6,-6.1%,0,-26.5%,99,+7.7%,7,-5.7%,4,-14.5%,0,-17.2%,0,-16.3%
Kris Humphries,26.7,NJN,Big,2154,92,+3.7%,66,+1.4%,83,+4.1%,79,+3.0%,88,+3.4%,74,+4.2%,84,+4.0%,88,+4.0%
Serge Ibaka,22.1,OKC,Big,1786,26,-2.4%,57,+0.5%,37,-1.5%,50,-0.1%,42,-0.7%,42,-1.8%,33,-2.1%,26,-2.6%
Andre Iguodala,27.8,PHI,Wing,2194,46,-0.6%,41,-0.9%,52,+0.4%,44,-0.5%,50,-0.1%,21,-6.4%,80,+3.5%,67,+1.4%
Ersan Ilyasova,24.5,MIL,Big,1643,46,-0.6%,24,-2.7%,50,+0.2%,77,+2.7%,71,+1.7%,84,+6.5%,16,-4.6%,35,-1.6%
Kyrie Irving,19.6,CLE,Combo,1551,98,+5.1%,92,+4.7%,74,+2.6%,49,-0.2%,65,+1.2%,80,+5.1%,83,+3.9%,88,+4.2%
Royal Ivey,29.9,OKC,Wing,264,89,+3.1%,92,+4.6%,100,+13.1%,79,+2.9%,99,+7.1%,35,-3.2%,14,-5.3%,15,-4.4%
Jarrett Jack,28.0,NOH,Point,1526,21,-2.6%,17,-3.5%,72,+2.3%,30,-1.9%,51,-0.0%,4,-14.2%,67,+1.5%,24,-2.9%
Reggie Jackson,21.5,OKC,Point,405,67,+1.0%,47,-0.4%,99,+10.4%,74,+2.2%,97,+5.9%,9,-11.2%,28,-2.7%,16,-4.2%
Stephen Jackson,33.6,MIL,Wing,709,39,-1.2%,60,+0.8%,86,+4.9%,8,-5.7%,35,-1.3%,57,+1.1%,23,-3.5%,29,-2.3%
Stephen Jackson,33.6,SAS,Wing,471,72,+1.3%,53,+0.2%,87,+5.2%,6,-6.8%,44,-0.6%,34,-3.3%,68,+1.7%,53,+0.1%
Damion James,24.1,NJN,Forward,166,7,-4.9%,31,-1.9%,2,-12.2%,36,-1.1%,6,-5.9%,17,-8.1%,42,-1.3%,22,-3.3%
LeBron James,26.8,MIA,Forward,2317,98,+4.9%,94,+5.2%,99,+9.9%,88,+4.0%,98,+6.5%,48,-0.5%,77,+3.1%,72,+1.8%
Antawn Jamison,35.4,CLE,Forward,2146,94,+4.2%,91,+4.6%,87,+5.1%,33,-1.4%,76,+2.1%,99,+19.0%,29,-2.6%,78,+2.4%
Al Jefferson,26.8,UTA,Big,2065,99,+5.8%,84,+3.3%,98,+9.2%,95,+5.7%,99,+7.4%,58,+1.3%,99,+12.4%,99,+10.0%
Richard Jefferson,31.4,SAS,Wing,1152,11,-3.8%,39,-1.1%,19,-4.3%,6,-6.8%,7,-5.2%,66,+2.6%,55,+0.4%,67,+1.4%
Richard Jefferson,31.4,GSW,Forward,576,43,-0.8%,27,-2.3%,11,-6.4%,95,+6.1%,70,+1.5%,27,-4.5%,16,-4.6%,14,-4.6%
Jared Jeffries,29.9,NYK,Big,715,19,-2.8%,40,-1.0%,50,+0.2%,73,+2.1%,69,+1.5%,10,-10.8%,21,-3.8%,9,-5.7%
Charles Jenkins,22.7,GSW,Point,852,8,-4.7%,15,-4.2%,58,+0.9%,39,-0.9%,54,+0.2%,15,-8.6%,4,-9.4%,3,-9.0%
Brandon Jennings,22.1,MIL,Combo,2317,69,+1.1%,48,-0.3%,86,+4.9%,54,+0.2%,73,+1.9%,62,+2.3%,32,-2.2%,43,-1.0%
Jonas Jerebko,24.7,DET,Big,1370,57,+0.4%,81,+2.9%,36,-1.6%,52,+0.1%,43,-0.7%,33,-3.6%,37,-1.8%,29,-2.3%
Amir Johnson,24.5,TOR,Big,1537,62,+0.6%,89,+4.1%,49,+0.2%,78,+2.8%,72,+1.8%,10,-10.6%,44,-1.0%,21,-3.5%
Armon Johnson,22.7,NJN,Combo,115,4,-6.3%,7,-5.9%,17,-5.0%,3,-8.6%,4,-6.8%,78,+4.6%,12,-5.7%,26,-2.5%
Carldell Johnson,28.8,NOH,Point,105,70,+1.2%,8,-5.5%,95,+7.5%,54,+0.2%,90,+3.7%,0,-32.2%,98,+10.6%,93,+5.4%
Ivan Johnson,27.6,ATL,Big,833,42,-0.9%,66,+1.3%,28,-2.5%,91,+4.4%,75,+2.0%,10,-10.8%,36,-1.8%,12,-5.0%
JaJuan Johnson,22.7,BOS,Big,206,16,-3.0%,83,+3.1%,7,-8.6%,14,-4.5%,6,-5.9%,91,+9.9%,10,-6.3%,44,-0.9%
James Johnson,24.7,TOR,Forward,1519,49,-0.2%,59,+0.8%,80,+3.7%,27,-2.2%,49,-0.2%,81,+5.7%,9,-6.7%,19,-3.7%
Joe Johnson,30.3,ATL,Wing,2119,91,+3.5%,95,+6.0%,74,+2.6%,35,-1.2%,53,+0.2%,55,+0.6%,86,+4.4%,83,+3.3%
Wesley Johnson,24.3,MIN,Wing,1458,50,-0.1%,56,+0.5%,91,+6.0%,13,-4.6%,54,+0.2%,36,-2.9%,57,+0.7%,49,-0.3%
Dahntay Jones,30.8,IND,Wing,920,17,-2.9%,46,-0.4%,9,-7.5%,11,-5.2%,5,-6.3%,71,+3.7%,56,+0.5%,66,+1.3%
Dominique Jones,23.0,DAL,Point,204,3,-6.6%,12,-4.8%,7,-8.2%,5,-7.4%,2,-8.0%,53,+0.3%,6,-7.9%,10,-5.5%
James Jones,31.1,MIA,Wing,578,53,+0.1%,77,+2.5%,14,-5.6%,31,-1.8%,19,-3.3%,25,-5.1%,89,+5.0%,66,+1.3%
Solomon Jones,27.3,NOH,Big,193,1,-7.7%,72,+1.9%,67,+1.8%,0,-23.2%,0,-12.6%,1,-28.2%,93,+6.2%,7,-6.0%
DeAndre Jordan,23.3,LAC,Big,1789,82,+2.4%,65,+1.3%,71,+2.1%,86,+3.8%,88,+3.3%,39,-2.4%,59,+0.8%,51,-0.1%
Cory Joseph,20.2,SAS,Combo,227,4,-5.8%,2,-8.9%,16,-5.1%,88,+4.0%,42,-0.8%,12,-9.8%,16,-4.5%,7,-6.1%
Chris Kaman,29.5,NOH,Big,1367,81,+2.3%,33,-1.8%,49,-0.1%,87,+3.9%,77,+2.1%,95,+11.8%,89,+5.0%,97,+7.1%
Enes Kanter,19.4,UTA,Big,823,3,-6.8%,14,-4.2%,6,-8.9%,6,-6.7%,2,-7.8%,8,-12.1%,1,-11.6%,1,-11.7%
Jason Kapono,30.7,LAL,Wing,254,90,+3.1%,55,+0.3%,76,+3.1%,93,+5.0%,92,+4.1%,26,-4.7%,93,+6.2%,81,+3.0%
Jason Kidd,38.6,DAL,Point,1375,36,-1.4%,49,-0.2%,30,-2.2%,34,-1.3%,30,-1.9%,9,-11.1%,62,+1.1%,34,-1.7%
Linas Kleiza,26.8,TOR,Forward,1018,63,+0.7%,10,-5.3%,57,+0.9%,81,+3.3%,80,+2.5%,22,-5.9%,92,+5.8%,80,+2.8%
Brandon Knight,19.9,DET,Point,2081,70,+1.2%,58,+0.7%,61,+1.2%,63,+0.9%,64,+1.1%,27,-4.5%,89,+5.1%,75,+2.1%
Kyle Korver,30.6,CHI,Wing,1384,42,-0.9%,13,-4.3%,66,+1.7%,18,-3.9%,30,-1.9%,88,+8.4%,48,-0.7%,73,+1.8%
Kosta Koufos,22.7,DEN,Big,759,63,+0.6%,76,+2.4%,51,+0.3%,97,+6.9%,89,+3.4%,17,-8.1%,52,+0.0%,26,-2.6%
Carl Landry,28.1,NOH,Big,988,61,+0.6%,57,+0.6%,89,+5.5%,46,-0.4%,77,+2.2%,9,-10.8%,72,+2.3%,39,-1.3%
Ty Lawson,24.0,DEN,Point,2114,24,-2.5%,22,-3.0%,56,+0.7%,33,-1.3%,48,-0.3%,11,-10.2%,81,+3.6%,36,-1.6%
Courtney Lee,26.1,HOU,Wing,1733,62,+0.6%,26,-2.4%,56,+0.7%,17,-3.9%,33,-1.6%,92,+10.3%,83,+3.9%,95,+6.1%
David Lee,28.5,GSW,Big,2116,58,+0.4%,87,+3.6%,25,-3.0%,53,+0.1%,34,-1.4%,45,-1.0%,39,-1.5%,42,-1.1%
Malcolm Lee,21.4,MIN,Combo,198,10,-4.3%,9,-5.4%,34,-1.7%,67,+1.4%,64,+1.0%,43,-1.7%,3,-9.7%,5,-7.6%
Kawhi Leonard,20.3,SAS,Forward,1477,35,-1.5%,42,-0.9%,30,-2.2%,65,+1.2%,45,-0.5%,65,+2.6%,19,-4.1%,34,-1.8%
Jon Leuer,22.5,MIL,Big,513,59,+0.4%,35,-1.6%,72,+2.3%,58,+0.5%,67,+1.2%,26,-4.8%,77,+3.2%,65,+1.3%
Rashard Lewis,32.2,WAS,Forward,718,24,-2.5%,7,-5.9%,21,-3.8%,50,-0.1%,31,-1.8%,63,+2.3%,52,+0.0%,64,+1.2%
Jeremy Lin,23.2,NYK,Point,910,66,+0.9%,33,-1.7%,94,+7.2%,85,+3.6%,96,+4.9%,13,-9.3%,28,-2.8%,15,-4.5%
Shaun Livingston,26.1,MIL,Wing,1020,16,-3.0%,42,-0.8%,60,+1.2%,23,-2.9%,36,-1.3%,33,-3.5%,18,-4.3%,18,-4.1%
Brook Lopez,23.6,NJN,Big,135,47,-0.6%,89,+4.0%,69,+2.1%,86,+3.7%,84,+2.8%,4,-14.6%,11,-5.9%,5,-8.1%
Robin Lopez,23.6,PHX,Big,796,3,-6.8%,11,-5.1%,7,-8.5%,8,-5.8%,4,-6.9%,15,-8.6%,22,-3.6%,13,-4.8%
Kevin Love,23.1,MIN,Big,2136,64,+0.8%,25,-2.6%,90,+5.9%,48,-0.3%,80,+2.5%,46,-0.8%,75,+2.8%,74,+2.0%
Kyle Lowry,25.6,HOU,Point,1505,52,+0.1%,66,+1.3%,9,-7.2%,83,+3.5%,31,-1.8%,39,-2.4%,69,+1.8%,50,-0.3%
John Lucas III,28.9,CHI,Point,622,35,-1.5%,43,-0.7%,58,+1.0%,32,-1.6%,41,-0.8%,54,+0.5%,15,-4.7%,22,-3.4%
Shelvin Mack,21.5,WAS,Point,665,58,+0.4%,70,+1.7%,45,-0.7%,74,+2.2%,61,+0.9%,5,-14.1%,95,+7.0%,55,+0.3%
Corey Maggette,32.0,CHA,Wing,860,39,-1.2%,7,-5.9%,45,-0.8%,48,-0.3%,46,-0.4%,83,+6.3%,61,+1.1%,75,+2.1%
Jamaal Magloire,33.4,TOR,Big,370,97,+4.8%,38,-1.3%,97,+7.6%,58,+0.4%,84,+2.7%,42,-1.8%,100,+15.8%,99,+11.1%
Ian Mahinmi,25.0,DAL,Big,1112,40,-1.1%,11,-4.9%,28,-2.6%,46,-0.4%,35,-1.3%,79,+4.8%,69,+1.8%,78,+2.5%
Shawn Marion,33.5,DAL,Forward,1915,18,-2.9%,42,-0.8%,54,+0.7%,55,+0.3%,49,-0.2%,15,-9.0%,23,-3.5%,13,-4.8%
Cartier Martin,26.9,WAS,Wing,364,69,+1.1%,83,+3.2%,26,-2.9%,97,+6.8%,79,+2.4%,97,+14.2%,21,-3.8%,71,+1.7%
Kenyon Martin,33.8,LAC,Big,933,18,-2.9%,38,-1.4%,23,-3.5%,18,-3.9%,16,-3.7%,86,+7.6%,13,-5.4%,43,-1.0%
Kevin Martin,28.7,HOU,Wing,1260,45,-0.6%,43,-0.7%,47,-0.3%,80,+3.0%,66,+1.2%,39,-2.2%,39,-1.5%,26,-2.5%
Roger Mason Jr.,31.1,WAS,Wing,624,66,+0.9%,44,-0.6%,89,+5.5%,56,+0.3%,79,+2.4%,60,+1.6%,49,-0.3%,51,-0.1%
Wesley Matthews,25.0,POR,Wing,2187,59,+0.4%,60,+0.8%,52,+0.3%,42,-0.6%,49,-0.2%,67,+3.0%,38,-1.6%,50,-0.3%
Jason Maxiell,28.7,DET,Big,1437,60,+0.5%,51,-0.0%,63,+1.4%,63,+1.0%,65,+1.2%,87,+8.3%,70,+1.9%,87,+3.7%
Eric Maynor,24.4,OKC,Point,114,95,+4.4%,99,+8.4%,29,-2.4%,39,-0.9%,28,-2.1%,67,+2.8%,88,+4.9%,90,+4.6%
O.J. Mayo,24.0,MEM,Combo,1736,55,+0.2%,79,+2.7%,20,-4.0%,49,-0.2%,29,-2.0%,75,+4.2%,23,-3.3%,37,-1.4%
Luc Mbah a Moute,25.1,MIL,Forward,972,64,+0.7%,86,+3.5%,42,-1.0%,52,+0.0%,47,-0.4%,14,-9.1%,77,+2.9%,48,-0.4%
JaVale McGee,23.8,WAS,Big,1121,5,-5.4%,23,-2.9%,12,-6.1%,5,-6.8%,4,-6.7%,49,-0.4%,2,-10.2%,6,-6.7%
JaVale McGee,23.8,DEN,Big,404,86,+2.7%,98,+7.7%,11,-6.5%,4,-7.8%,3,-7.1%,59,+1.3%,96,+7.4%,94,+5.5%
Tracy McGrady,32.4,ATL,Wing,783,31,-2.0%,8,-5.6%,78,+3.4%,70,+1.8%,78,+2.2%,6,-13.5%,72,+2.3%,23,-3.0%
Dominic McGuire,26.0,GSW,Forward,1088,77,+1.8%,71,+1.8%,75,+2.9%,34,-1.3%,56,+0.4%,36,-2.7%,90,+5.5%,82,+3.0%
Josh McRoberts,24.7,LAL,Big,696,32,-1.9%,7,-5.8%,97,+8.5%,28,-2.1%,86,+2.9%,61,+2.1%,5,-8.9%,11,-5.1%
Jodie Meeks,24.2,PHI,Wing,1578,56,+0.3%,68,+1.5%,41,-1.1%,52,+0.0%,45,-0.4%,21,-6.3%,61,+1.1%,49,-0.4%
CJ Miles,24.6,UTA,Wing,1118,56,+0.2%,56,+0.4%,62,+1.3%,38,-0.9%,56,+0.4%,68,+3.3%,14,-5.3%,21,-3.5%
Darko Milicic,26.4,MIN,Big,471,28,-2.3%,31,-1.9%,17,-4.7%,69,+1.6%,39,-1.0%,70,+3.6%,73,+2.4%,80,+2.8%
Andre Miller,35.6,DEN,Combo,1785,85,+2.6%,97,+6.9%,47,-0.3%,19,-3.7%,28,-2.0%,45,-1.3%,24,-3.3%,27,-2.5%
Brad Miller,35.6,MIN,Big,126,21,-2.6%,41,-1.0%,71,+2.2%,3,-8.4%,13,-4.2%,5,-13.8%,40,-1.4%,16,-4.2%
Mike Miller,31.7,MIA,Wing,712,83,+2.5%,32,-1.8%,48,-0.3%,75,+2.4%,67,+1.3%,86,+7.7%,87,+4.7%,94,+5.7%
Patty Mills,23.2,SAS,Point,226,50,-0.1%,4,-7.3%,41,-1.1%,70,+1.7%,53,+0.2%,54,+0.6%,92,+6.0%,89,+4.3%
Paul Millsap,26.7,UTA,Big,2091,87,+2.8%,84,+3.2%,85,+4.5%,90,+4.3%,94,+4.3%,92,+10.7%,63,+1.2%,82,+3.2%
Nazr Mohammed,34.2,OKC,Big,636,84,+2.6%,48,-0.3%,94,+7.3%,74,+2.3%,94,+4.4%,43,-1.7%,62,+1.2%,63,+1.1%
Greg Monroe,21.4,DET,Big,2076,94,+4.2%,61,+0.9%,64,+1.4%,83,+3.4%,81,+2.6%,71,+3.7%,91,+5.8%,93,+5.4%
E'Twaun Moore,22.7,BOS,Combo,258,7,-4.8%,5,-6.5%,2,-12.1%,50,-0.1%,8,-5.2%,90,+9.4%,22,-3.5%,52,-0.1%
Mikki Moore,36.0,GSW,Big,116,30,-2.1%,11,-5.1%,54,+0.6%,19,-3.7%,23,-2.9%,58,+1.1%,98,+9.3%,97,+7.3%
Darius Morris,20.8,LAL,Point,157,10,-4.1%,95,+5.7%,9,-7.5%,12,-5.0%,6,-5.8%,8,-11.9%,59,+0.8%,27,-2.4%
Marcus Morris,22.2,HOU,Wing,103,3,-6.4%,19,-3.3%,44,-0.8%,47,-0.4%,51,-0.1%,1,-25.0%,3,-9.5%,0,-14.0%
Markieff Morris,22.2,PHX,Big,1091,8,-4.5%,7,-5.8%,21,-3.9%,10,-5.4%,10,-4.8%,77,+4.4%,20,-3.9%,32,-1.9%
Anthony Morrow,26.1,NJN,Wing,1591,79,+2.0%,61,+0.9%,60,+1.2%,87,+3.8%,84,+2.8%,56,+0.9%,73,+2.4%,73,+2.0%
Timofey Mozgov,25.3,DEN,Big,672,44,-0.8%,10,-5.1%,65,+1.5%,77,+2.7%,77,+2.1%,51,-0.1%,97,+7.8%,92,+5.2%
Byron Mullens,22.7,CHA,Big,1346,76,+1.7%,85,+3.3%,68,+1.9%,71,+1.9%,75,+2.0%,52,+0.2%,27,-2.9%,28,-2.4%
Troy Murphy,31.5,LAL,Big,946,81,+2.3%,15,-4.1%,81,+3.8%,80,+3.1%,89,+3.5%,76,+4.3%,97,+8.0%,97,+6.8%
Eduardo Najera,35.3,CHA,Forward,249,74,+1.5%,96,+6.3%,96,+7.6%,60,+0.7%,80,+2.5%,2,-20.4%,6,-7.7%,2,-9.9%
Steve Nash,37.7,PHX,Point,1959,100,+7.8%,99,+8.5%,99,+11.1%,98,+7.0%,100,+8.7%,88,+8.4%,56,+0.5%,78,+2.5%
Gary Neal,27.1,SAS,Combo,1141,77,+1.9%,69,+1.7%,95,+7.6%,34,-1.3%,87,+3.2%,14,-9.2%,70,+1.9%,33,-1.8%
Jameer Nelson,29.7,ORL,Point,1702,96,+4.7%,87,+3.6%,96,+7.6%,62,+0.8%,92,+4.1%,18,-7.9%,76,+2.9%,59,+0.8%
Joakim Noah,26.7,CHI,Big,1942,88,+3.0%,84,+3.3%,66,+1.6%,97,+6.6%,95,+4.9%,18,-7.8%,67,+1.6%,43,-0.9%
Steve Novak,28.4,NYK,Forward,941,74,+1.5%,8,-5.6%,65,+1.5%,89,+4.1%,86,+3.1%,84,+6.8%,85,+4.4%,92,+5.0%
Dirk Nowitzki,33.4,DAL,Big,2075,97,+4.7%,94,+5.2%,93,+6.9%,89,+4.2%,97,+5.9%,32,-3.7%,91,+5.6%,83,+3.2%
Jermaine O'Neal,33.1,BOS,Big,567,25,-2.5%,15,-4.0%,65,+1.6%,10,-5.5%,18,-3.4%,51,-0.1%,61,+1.1%,59,+0.8%
Lamar Odom,32.0,DAL,Forward,999,36,-1.5%,48,-0.3%,15,-5.2%,11,-5.3%,7,-5.4%,74,+4.0%,51,-0.0%,62,+1.0%
Emeka Okafor,29.1,NOH,Big,779,35,-1.6%,78,+2.5%,75,+2.8%,38,-1.0%,59,+0.7%,17,-8.1%,14,-5.2%,8,-5.9%
Mehmet Okur,32.4,NJN,Big,441,27,-2.4%,77,+2.5%,97,+8.8%,3,-8.5%,34,-1.4%,6,-13.4%,37,-1.7%,10,-5.4%
Daniel Orton,21.2,ORL,Big,156,15,-3.1%,92,+4.9%,4,-9.8%,40,-0.7%,11,-4.6%,95,+12.0%,7,-7.7%,21,-3.5%
Travis Outlaw,27.1,SAC,Forward,462,64,+0.7%,82,+3.1%,84,+4.3%,40,-0.7%,71,+1.7%,13,-9.3%,68,+1.7%,39,-1.3%
Zaza Pachulia,27.7,ATL,Big,1618,39,-1.1%,30,-1.9%,38,-1.5%,44,-0.5%,41,-0.8%,85,+7.2%,22,-3.6%,57,+0.4%
Jannero Pargo,32.0,ATL,Point,552,45,-0.7%,15,-4.1%,55,+0.7%,67,+1.5%,65,+1.2%,26,-4.6%,70,+1.9%,48,-0.4%
Jeremy Pargo,25.6,MEM,Point,388,2,-6.9%,24,-2.7%,0,-16.1%,25,-2.4%,1,-8.7%,11,-9.9%,4,-9.2%,3,-9.3%
Anthony Parker,36.4,CLE,Wing,1276,91,+3.4%,97,+7.0%,33,-1.8%,99,+8.3%,87,+3.2%,80,+5.5%,39,-1.4%,56,+0.4%
Tony Parker,29.5,SAS,Point,1916,34,-1.6%,46,-0.4%,62,+1.4%,55,+0.3%,63,+1.0%,75,+4.2%,26,-3.1%,46,-0.6%
Chandler Parsons,23.0,HOU,Forward,1757,72,+1.3%,36,-1.5%,53,+0.4%,85,+3.6%,75,+2.0%,33,-3.6%,57,+0.6%,48,-0.4%
Patrick Patterson,22.6,HOU,Big,1461,23,-2.6%,49,-0.3%,37,-1.6%,16,-4.1%,23,-2.9%,35,-2.9%,47,-0.8%,38,-1.4%
Chris Paul,26.5,LAC,Point,2172,96,+4.6%,86,+3.5%,84,+4.3%,94,+5.5%,96,+5.0%,47,-0.7%,80,+3.4%,76,+2.2%
Sasha Pavlovic,28.0,BOS,Forward,446,33,-1.7%,55,+0.4%,90,+5.7%,8,-5.7%,29,-2.0%,36,-2.8%,17,-4.5%,19,-3.9%
Nikola Pekovic,25.8,MIN,Big,1257,68,+1.1%,72,+1.9%,61,+1.3%,34,-1.3%,44,-0.6%,89,+8.5%,29,-2.7%,53,+0.1%
Kendrick Perkins,27.0,OKC,Big,1742,8,-4.6%,52,+0.1%,14,-5.7%,13,-4.6%,8,-5.1%,55,+0.8%,31,-2.4%,27,-2.4%
Johan Petro,25.8,NJN,Big,865,22,-2.6%,54,+0.2%,3,-10.2%,36,-1.1%,13,-4.3%,67,+3.1%,53,+0.1%,62,+1.0%
Paul Pierce,34.1,BOS,Forward,2065,75,+1.6%,31,-1.8%,81,+3.7%,71,+1.8%,85,+2.9%,38,-2.4%,88,+4.9%,76,+2.2%
Mickael Pietrus,29.7,BOS,Wing,896,40,-1.0%,37,-1.4%,51,+0.3%,64,+1.0%,60,+0.7%,31,-3.9%,12,-5.9%,13,-4.9%
Dexter Pittman,23.7,MIA,Big,257,17,-3.0%,62,+1.0%,38,-1.4%,10,-5.4%,15,-3.8%,11,-10.5%,6,-7.9%,4,-8.9%
Quincy Pondexter,23.6,MEM,Wing,966,48,-0.3%,53,+0.2%,25,-3.1%,59,+0.6%,36,-1.1%,76,+4.3%,34,-2.0%,53,+0.1%
A.J. Price,25.1,IND,Point,450,10,-4.2%,21,-3.1%,4,-9.9%,65,+1.1%,14,-4.0%,24,-5.3%,27,-2.9%,20,-3.7%
Ronnie Price,28.4,PHX,Combo,436,5,-5.4%,29,-2.1%,22,-3.7%,3,-8.8%,5,-6.5%,7,-13.0%,33,-2.2%,16,-4.3%
Tayshaun Prince,31.7,DET,Wing,2083,73,+1.5%,52,+0.1%,27,-2.6%,94,+5.2%,73,+1.8%,23,-5.7%,90,+5.2%,80,+2.9%
Joel Przybilla,32.1,POR,Big,441,66,+0.9%,74,+2.2%,94,+7.5%,16,-4.1%,55,+0.4%,83,+6.4%,47,-0.7%,69,+1.5%
Vladimir Radmanovic,30.9,ATL,Forward,660,37,-1.3%,2,-8.8%,34,-1.7%,94,+5.3%,83,+2.7%,61,+1.9%,47,-0.8%,53,+0.1%
Anthony Randolph,22.3,MIN,Big,497,66,+0.9%,23,-2.8%,68,+1.9%,64,+1.0%,70,+1.6%,46,-1.0%,91,+5.7%,87,+3.8%
Zach Randolph,30.3,MEM,Big,730,80,+2.2%,41,-1.0%,68,+2.0%,43,-0.5%,62,+0.9%,87,+8.2%,92,+6.0%,96,+6.5%
Michael Redd,32.2,PHX,Wing,710,11,-3.7%,5,-6.7%,6,-8.7%,57,+0.4%,17,-3.5%,38,-2.5%,36,-1.8%,32,-1.9%
JJ Redick,27.4,ORL,Wing,1750,54,+0.1%,51,-0.0%,14,-5.8%,90,+4.3%,42,-0.7%,30,-4.0%,85,+4.1%,75,+2.1%
Jason Richardson,30.8,ORL,Wing,1586,68,+1.1%,67,+1.4%,88,+5.4%,53,+0.1%,83,+2.7%,54,+0.4%,39,-1.5%,44,-0.9%
Quentin Richardson,31.6,ORL,Wing,845,6,-5.3%,9,-5.4%,56,+0.8%,6,-6.5%,18,-3.3%,65,+2.6%,18,-4.2%,25,-2.8%
Luke Ridnour,30.7,MIN,Combo,1748,44,-0.7%,68,+1.5%,66,+1.7%,24,-2.7%,46,-0.4%,29,-4.1%,45,-0.9%,35,-1.7%
Nate Robinson,27.4,GSW,Point,1169,90,+3.2%,93,+5.1%,25,-3.1%,33,-1.4%,26,-2.5%,67,+2.9%,92,+6.0%,90,+4.5%
Rajon Rondo,25.7,BOS,Point,1949,67,+1.0%,56,+0.4%,54,+0.5%,61,+0.7%,63,+1.0%,61,+2.2%,41,-1.3%,55,+0.2%
Derrick Rose,23.1,CHI,Point,1373,86,+2.7%,62,+0.9%,39,-1.3%,93,+5.2%,85,+2.9%,41,-1.9%,79,+3.4%,72,+1.8%
Ricky Rubio,21.0,MIN,Combo,1396,37,-1.3%,47,-0.3%,43,-0.9%,28,-2.1%,34,-1.4%,59,+1.4%,29,-2.6%,39,-1.3%
Brandon Rush,26.3,GSW,Forward,1683,89,+3.0%,75,+2.3%,79,+3.6%,57,+0.4%,70,+1.6%,47,-0.7%,81,+3.5%,77,+2.3%
Walker Russell,29.1,DET,Point,292,21,-2.6%,50,-0.1%,32,-2.1%,50,-0.1%,38,-1.0%,87,+8.2%,0,-12.7%,6,-7.4%
John Salmons,31.9,SAC,Wing,1241,30,-2.1%,19,-3.4%,78,+3.3%,54,+0.1%,72,+1.7%,62,+2.3%,32,-2.3%,43,-0.9%
Samardo Samuels,22.8,CLE,Big,732,29,-2.2%,36,-1.5%,48,-0.1%,12,-5.0%,25,-2.6%,23,-5.6%,50,-0.2%,36,-1.5%
Larry Sanders,22.9,MIL,Big,570,73,+1.5%,54,+0.2%,60,+1.2%,56,+0.4%,59,+0.7%,40,-2.1%,85,+4.1%,79,+2.6%
Luis Scola,31.5,HOU,Big,2064,78,+1.9%,72,+1.9%,64,+1.5%,62,+0.9%,66,+1.2%,70,+3.6%,48,-0.7%,61,+0.9%
Thabo Sefolosha,27.5,OKC,Wing,906,24,-2.5%,51,-0.1%,10,-6.9%,37,-1.0%,21,-3.2%,81,+5.6%,31,-2.5%,40,-1.2%
Josh Selby,20.6,MEM,Point,190,96,+4.6%,87,+3.6%,81,+3.8%,100,+9.3%,98,+6.8%,1,-25.3%,95,+7.0%,35,-1.7%
Kevin Seraphin,21.9,WAS,Big,1095,73,+1.4%,81,+2.9%,94,+7.1%,46,-0.4%,81,+2.6%,31,-3.9%,55,+0.4%,38,-1.3%
Ramon Sessions,25.6,CLE,Point,972,10,-4.1%,6,-6.1%,19,-4.3%,18,-3.8%,14,-4.0%,16,-8.2%,89,+5.0%,71,+1.7%
Ramon Sessions,25.6,LAL,Combo,695,95,+4.3%,89,+4.0%,17,-4.9%,54,+0.2%,26,-2.5%,95,+12.7%,99,+14.0%,100,+13.6%
Iman Shumpert,21.3,NYK,Combo,1647,70,+1.2%,30,-2.0%,31,-2.1%,99,+8.2%,93,+4.2%,43,-1.7%,73,+2.4%,67,+1.4%
Bobby Simmons,31.4,LAC,Forward,401,20,-2.7%,30,-2.0%,50,+0.2%,31,-1.8%,37,-1.1%,35,-3.0%,19,-4.1%,21,-3.6%
Chris Singleton,21.9,WAS,Wing,1375,47,-0.5%,77,+2.5%,52,+0.3%,17,-4.0%,28,-2.1%,46,-1.0%,42,-1.2%,44,-0.9%
James Singleton,30.3,WAS,Big,220,75,+1.6%,36,-1.5%,20,-4.1%,27,-2.3%,17,-3.4%,99,+20.6%,98,+9.6%,100,+12.7%
Donald Sloan,23.8,CLE,Point,542,4,-6.1%,1,-9.9%,38,-1.4%,72,+2.1%,57,+0.5%,9,-11.7%,17,-4.5%,7,-6.4%
Craig Smith,28.0,POR,Big,382,18,-2.9%,71,+1.8%,2,-12.5%,78,+2.8%,17,-3.5%,72,+3.9%,7,-7.6%,24,-2.9%
Ish Smith,23.3,ORL,Point,129,0,-12.0%,1,-10.3%,1,-14.3%,56,+0.3%,6,-6.0%,6,-13.5%,2,-10.7%,1,-11.4%
JR Smith,26.1,NYK,Wing,915,44,-0.8%,16,-4.0%,51,+0.3%,15,-4.3%,25,-2.6%,100,+22.6%,62,+1.1%,95,+6.1%
Jason Smith,25.7,NOH,Big,940,75,+1.6%,90,+4.4%,27,-2.7%,86,+3.8%,68,+1.4%,79,+4.9%,30,-2.5%,51,-0.2%
Josh Smith,25.9,ATL,Big,2323,92,+3.6%,98,+8.1%,69,+2.0%,17,-3.9%,30,-1.9%,85,+7.0%,65,+1.4%,85,+3.5%
Nolan Smith,23.3,POR,Combo,466,8,-4.7%,18,-3.5%,29,-2.4%,7,-5.9%,12,-4.5%,20,-6.6%,49,-0.4%,28,-2.4%
Marreese Speights,24.2,MEM,Big,1338,29,-2.2%,10,-5.2%,48,-0.2%,87,+3.9%,74,+1.9%,11,-10.1%,51,-0.1%,25,-2.6%
Tiago Splitter,26.8,SAS,Big,1074,93,+3.9%,62,+1.0%,63,+1.4%,79,+2.9%,76,+2.0%,82,+6.0%,64,+1.3%,79,+2.7%
Jerry Stackhouse,37.0,ATL,Wing,173,36,-1.4%,20,-3.3%,8,-7.6%,29,-1.9%,15,-3.9%,5,-13.8%,100,+14.1%,75,+2.2%
Lance Stephenson,21.2,IND,Wing,353,28,-2.3%,52,+0.0%,35,-1.6%,20,-3.7%,24,-2.7%,2,-19.2%,93,+6.2%,45,-0.7%
DeShawn Stevenson,30.6,NJN,Wing,946,31,-2.0%,12,-4.9%,92,+6.5%,15,-4.4%,49,-0.1%,25,-4.8%,52,+0.0%,38,-1.4%
Greg Stiemsma,26.1,BOS,Big,699,37,-1.3%,50,-0.1%,36,-1.6%,14,-4.5%,19,-3.3%,93,+11.3%,30,-2.6%,77,+2.4%
Julyan Stone,22.9,DEN,Combo,160,23,-2.5%,48,-0.3%,16,-5.0%,2,-9.1%,4,-6.7%,45,-1.2%,23,-3.4%,25,-2.7%
Amar'e Stoudemire,29.0,NYK,Big,1539,22,-2.6%,65,+1.3%,37,-1.6%,16,-4.1%,21,-3.1%,34,-3.4%,15,-4.9%,14,-4.5%
Rodney Stuckey,25.5,DET,Wing,1635,82,+2.4%,56,+0.5%,53,+0.4%,66,+1.3%,61,+0.8%,62,+2.3%,81,+3.5%,83,+3.3%
DaJuan Summers,23.8,NOH,Wing,190,41,-1.0%,25,-2.7%,10,-7.1%,57,+0.4%,24,-2.7%,99,+18.7%,87,+4.6%,99,+9.9%
Jeff Teague,23.4,ATL,Point,2177,89,+3.0%,91,+4.6%,44,-0.8%,69,+1.7%,62,+1.0%,75,+4.2%,56,+0.5%,73,+2.0%
Sebastian Telfair,26.4,PHX,Point,784,2,-7.0%,4,-6.9%,1,-14.0%,12,-4.9%,1,-8.7%,40,-2.1%,44,-1.0%,39,-1.3%
Jason Terry,34.1,DAL,Wing,1982,57,+0.3%,67,+1.5%,41,-1.1%,56,+0.3%,47,-0.4%,96,+13.3%,20,-3.9%,54,+0.1%
Hasheem Thabeet,24.7,POR,Big,104,0,-11.5%,3,-7.8%,4,-9.7%,2,-9.2%,1,-9.3%,3,-15.1%,4,-9.3%,1,-11.4%
Isaiah Thomas,22.7,SAC,Point,1616,78,+1.9%,84,+3.2%,22,-3.7%,25,-2.4%,22,-3.0%,77,+4.4%,72,+2.2%,81,+2.9%
Kurt Thomas,39.1,POR,Big,776,23,-2.6%,17,-3.6%,43,-0.9%,72,+1.9%,64,+1.1%,34,-3.4%,41,-1.3%,33,-1.8%
Lance Thomas,23.5,NOH,Big,610,19,-2.8%,9,-5.4%,76,+3.0%,22,-3.2%,45,-0.5%,59,+1.3%,31,-2.3%,31,-2.0%
Tyrus Thomas,25.2,CHA,Big,960,60,+0.5%,70,+1.7%,64,+1.5%,22,-3.2%,32,-1.8%,90,+9.4%,93,+6.2%,97,+6.7%
Jason Thompson,25.3,SAC,Big,1624,92,+3.6%,79,+2.7%,88,+5.5%,78,+2.9%,93,+4.1%,94,+11.6%,48,-0.7%,81,+2.9%
Klay Thompson,21.7,GSW,Wing,1557,60,+0.5%,44,-0.6%,32,-2.0%,43,-0.5%,38,-1.1%,69,+3.4%,76,+2.9%,77,+2.2%
Tristan Thompson,20.6,CLE,Big,1372,13,-3.2%,10,-5.2%,25,-3.1%,62,+0.8%,36,-1.2%,16,-8.5%,72,+2.2%,47,-0.5%
Marcus Thornton,24.4,SAC,Combo,1773,49,-0.3%,37,-1.4%,26,-3.0%,41,-0.7%,31,-1.9%,49,-0.3%,74,+2.7%,70,+1.6%
Jamaal Tinsley,33.7,UTA,Point,463,55,+0.2%,44,-0.6%,76,+3.0%,61,+0.8%,74,+1.9%,49,-0.4%,30,-2.6%,31,-2.1%
Anthony Tolliver,26.4,MIN,Forward,861,62,+0.6%,81,+2.9%,12,-6.4%,37,-1.0%,23,-2.9%,44,-1.5%,63,+1.3%,57,+0.6%
Ronny Turiaf,28.8,MIA,Big,212,24,-2.5%,0,-11.3%,87,+5.0%,68,+1.5%,86,+3.0%,78,+4.6%,86,+4.4%,90,+4.5%
Hedo Turkoglu,32.6,ORL,Wing,1648,98,+5.3%,92,+4.9%,53,+0.4%,43,-0.5%,52,+0.1%,45,-1.1%,87,+4.7%,85,+3.5%
Evan Turner,23.0,PHI,Wing,1631,61,+0.6%,77,+2.5%,56,+0.7%,35,-1.1%,48,-0.3%,91,+9.6%,23,-3.4%,47,-0.5%
Jeremy Tyler,20.4,GSW,Big,537,20,-2.7%,5,-6.4%,67,+1.9%,35,-1.2%,54,+0.2%,44,-1.4%,64,+1.3%,56,+0.4%
Ekpe Udoh,24.5,GSW,Big,817,76,+1.7%,22,-3.0%,84,+4.3%,76,+2.6%,85,+2.9%,53,+0.3%,97,+7.9%,92,+5.0%
Ekpe Udoh,24.5,MIL,Big,443,9,-4.4%,25,-2.6%,4,-9.8%,9,-5.5%,4,-6.9%,46,-0.9%,73,+2.4%,67,+1.4%
Beno Udrih,29.3,MIL,Point,995,83,+2.5%,58,+0.7%,39,-1.4%,38,-1.0%,37,-1.1%,69,+3.5%,98,+10.7%,98,+8.7%
Ben Uzoh,23.6,TOR,Point,349,12,-3.6%,95,+5.8%,53,+0.4%,0,-12.8%,2,-7.8%,94,+11.7%,2,-10.8%,13,-4.9%
Anderson Varejao,29.1,CLE,Big,782,94,+4.2%,90,+4.3%,89,+5.5%,82,+3.3%,94,+4.4%,55,+0.6%,74,+2.6%,74,+2.0%
Greivis Vasquez,24.8,NOH,Combo,1658,80,+2.1%,69,+1.7%,37,-1.5%,70,+1.8%,55,+0.3%,84,+6.6%,64,+1.3%,80,+2.8%
Jan Vesely,21.5,WAS,Big,1033,63,+0.6%,60,+0.8%,24,-3.4%,75,+2.4%,48,-0.3%,26,-4.6%,84,+4.0%,67,+1.4%
Charlie Villanueva,27.2,DET,Forward,136,84,+2.6%,5,-6.5%,87,+5.2%,25,-2.5%,67,+1.3%,53,+0.4%,95,+6.8%,93,+5.4%
Nikola Vucevic,21.0,PHI,Big,758,26,-2.4%,29,-2.0%,13,-5.9%,49,-0.2%,25,-2.6%,42,-1.8%,19,-3.9%,20,-3.7%
Dwyane Wade,29.8,MIA,Wing,1616,86,+2.7%,93,+5.0%,77,+3.1%,51,+0.0%,68,+1.4%,72,+3.9%,51,-0.1%,65,+1.3%
Von Wafer,26.3,ORL,Wing,404,16,-3.0%,64,+1.1%,66,+1.6%,29,-2.0%,47,-0.4%,81,+5.9%,8,-6.9%,12,-5.0%
Henry Walker,24.1,NYK,Wing,595,26,-2.4%,47,-0.4%,50,+0.2%,73,+2.2%,68,+1.4%,73,+3.9%,8,-7.0%,16,-4.2%
Kemba Walker,21.5,CHA,Combo,1683,34,-1.6%,85,+3.4%,35,-1.7%,63,+0.9%,54,+0.2%,3,-17.5%,5,-8.3%,2,-10.0%
John Wall,21.2,WAS,Point,2374,54,+0.1%,21,-3.1%,78,+3.2%,39,-0.7%,61,+0.9%,96,+13.5%,12,-5.8%,57,+0.4%
Ben Wallace,37.1,DET,Big,921,6,-5.0%,14,-4.3%,26,-3.0%,51,-0.1%,35,-1.3%,25,-5.0%,6,-8.1%,6,-7.3%
Gerald Wallace,29.3,POR,Forward,1496,71,+1.3%,73,+2.0%,89,+5.5%,30,-1.9%,64,+1.0%,15,-8.7%,56,+0.5%,23,-3.1%
Gerald Wallace,29.3,NJN,Forward,570,61,+0.5%,92,+4.6%,2,-12.4%,53,+0.1%,14,-4.2%,67,+2.9%,26,-3.0%,40,-1.2%
Luke Walton,31.6,CLE,Big,235,59,+0.4%,17,-3.6%,82,+4.0%,100,+8.8%,98,+6.5%,12,-9.6%,53,+0.1%,28,-2.4%
Hakim Warrick,29.3,PHX,Forward,430,1,-7.6%,2,-8.8%,8,-7.6%,23,-2.9%,9,-4.8%,17,-8.1%,17,-4.4%,11,-5.3%
CJ Watson,27.5,CHI,Point,1138,23,-2.5%,52,+0.0%,49,+0.0%,5,-7.2%,10,-4.8%,79,+4.7%,45,-0.9%,59,+0.7%
Earl Watson,32.4,UTA,Point,1010,12,-3.4%,34,-1.6%,18,-4.6%,13,-4.7%,11,-4.6%,32,-3.8%,3,-9.8%,4,-8.5%
Martell Webster,24.9,MIN,Wing,1136,79,+2.0%,32,-1.8%,66,+1.7%,86,+3.7%,84,+2.8%,64,+2.4%,59,+0.8%,63,+1.1%
David West,31.2,IND,Big,1922,81,+2.3%,43,-0.8%,98,+9.7%,95,+6.1%,99,+7.7%,5,-13.8%,53,+0.1%,17,-4.1%
Delonte West,28.3,DAL,Combo,1039,25,-2.5%,23,-2.7%,28,-2.5%,39,-0.8%,33,-1.5%,30,-4.0%,37,-1.7%,29,-2.3%
Russell Westbrook,23.0,OKC,Point,2327,29,-2.2%,42,-0.8%,23,-3.6%,21,-3.4%,18,-3.4%,49,-0.3%,68,+1.7%,58,+0.6%
DJ White,25.2,CHA,Big,978,59,+0.4%,61,+0.8%,24,-3.4%,84,+3.6%,70,+1.6%,77,+4.5%,33,-2.1%,42,-1.0%
Chris Wilcox,29.2,BOS,Big,478,32,-2.0%,50,-0.1%,75,+2.6%,40,-0.7%,55,+0.3%,6,-13.4%,31,-2.4%,7,-6.0%
Damien Wilkins,31.8,DET,Wing,792,43,-0.8%,45,-0.5%,89,+5.5%,28,-2.1%,64,+1.1%,64,+2.4%,10,-6.5%,15,-4.5%
Deron Williams,27.3,NJN,Point,1992,87,+2.8%,81,+3.0%,80,+3.7%,42,-0.5%,63,+1.0%,28,-4.2%,80,+3.5%,69,+1.5%
Derrick Williams,20.4,MIN,Forward,1377,52,+0.0%,82,+3.0%,11,-6.5%,83,+3.5%,40,-0.9%,20,-6.5%,54,+0.3%,35,-1.6%
Jordan Williams,21.1,NJN,Big,574,78,+1.9%,20,-3.3%,71,+2.3%,93,+4.8%,90,+3.9%,96,+13.1%,52,+0.0%,87,+3.7%
Lou Williams,25.0,PHI,Point,1626,69,+1.1%,39,-1.2%,73,+2.4%,84,+3.6%,86,+3.1%,27,-4.5%,35,-1.9%,28,-2.4%
Marvin Williams,25.4,ATL,Forward,1454,26,-2.4%,18,-3.4%,32,-2.0%,46,-0.4%,39,-1.0%,37,-2.6%,38,-1.6%,32,-1.9%
Mo Williams,28.9,LAC,Combo,1444,23,-2.5%,57,+0.6%,29,-2.4%,20,-3.6%,21,-3.2%,48,-0.5%,35,-1.9%,37,-1.5%
Reggie Williams,25.1,CHA,Wing,673,57,+0.3%,44,-0.5%,59,+1.1%,42,-0.6%,51,-0.0%,22,-5.8%,75,+2.7%,66,+1.3%
Shawne Williams,25.7,NJN,Forward,479,22,-2.6%,42,-0.9%,5,-9.7%,18,-3.9%,5,-6.2%,51,-0.1%,40,-1.4%,42,-1.1%
Shelden Williams,28.0,NJN,Big,1262,49,-0.3%,49,-0.2%,30,-2.2%,51,-0.1%,40,-0.9%,34,-3.3%,66,+1.5%,54,+0.2%
Terrence Williams,24.3,HOU,Forward,142,28,-2.3%,96,+6.1%,54,+0.5%,5,-7.3%,20,-3.2%,12,-9.6%,9,-6.7%,5,-7.8%
Terrence Williams,24.3,SAC,Wing,355,67,+1.0%,5,-6.6%,100,+11.9%,98,+7.0%,100,+9.0%,92,+10.2%,83,+3.9%,95,+5.9%
Metta World Peace,32.0,LAL,Wing,1715,40,-1.0%,74,+2.1%,11,-6.5%,52,+0.0%,20,-3.2%,35,-3.0%,49,-0.6%,39,-1.3%
Brandan Wright,24.1,DAL,Big,737,88,+2.9%,95,+6.0%,36,-1.6%,76,+2.4%,58,+0.6%,92,+10.3%,21,-3.8%,47,-0.5%
Chris Wright,23.1,GSW,Forward,142,6,-5.2%,3,-8.5%,100,+13.8%,15,-4.3%,74,+1.9%,16,-8.2%,5,-9.0%,3,-9.6%
Dorell Wright,25.9,GSW,Wing,1646,38,-1.2%,86,+3.5%,20,-3.9%,41,-0.6%,28,-2.0%,47,-0.5%,11,-5.9%,17,-4.1%
Jianlian Yi,24.0,DAL,Big,142,2,-7.4%,1,-10.1%,18,-4.7%,9,-5.5%,10,-4.7%,66,+2.6%,8,-6.9%,10,-5.3%
Nick Young,26.4,WAS,Wing,1197,27,-2.3%,8,-5.5%,54,+0.7%,33,-1.4%,48,-0.3%,50,-0.2%,43,-1.1%,44,-0.9%
Nick Young,26.4,LAC,Wing,502,29,-2.2%,27,-2.3%,21,-3.8%,25,-2.5%,21,-3.2%,79,+4.9%,13,-5.3%,41,-1.2%
Sam Young,26.4,MEM,Wing,192,46,-0.6%,26,-2.5%,47,-0.3%,94,+5.2%,84,+2.8%,6,-13.6%,12,-5.7%,5,-8.1%
Sam Young,26.4,PHI,Wing,120,2,-7.2%,4,-7.1%,30,-2.2%,2,-8.8%,5,-6.3%,8,-11.9%,12,-5.6%,7,-6.6%
Thaddeus Young,23.4,PHI,Big,1720,92,+3.8%,87,+3.7%,31,-2.1%,80,+3.0%,60,+0.8%,97,+13.7%,94,+6.6%,98,+8.2%