date,max_num_of_players_yahoo,best_actual_lineup_yahoo,best_pred_lineup_yahoo,best_actual_score_yahoo,best_pred_score_yahoo,best_actual_cost_yahoo,best_pred_cost_yahoo,is_repeat_yahoo,is_repeat_pred_yahoo,max_num_of_players_fanduel,best_actual_lineup_fanduel,best_pred_lineup_fanduel,best_actual_score_fanduel,best_pred_score_fanduel,best_actual_cost_fanduel,best_pred_cost_fanduel,is_repeat_fanduel,is_repeat_pred_fanduel,max_num_of_players_draftkings,best_actual_lineup_draftkings,best_pred_lineup_draftkings,best_actual_score_draftkings,best_pred_score_draftkings,best_actual_cost_draftkings,best_pred_cost_draftkings,is_repeat_draftkings,is_repeat_pred_draftkings
2017-02-15,292,"['Alec Burks', 'Hassan Whiteside', 'Frank Kaminsky', 'Andre Iguodala', 'Patty Mills', 'Eric Bledsoe', 'Giannis Antetokounmpo', 'Dwight Howard']","['Hassan Whiteside', 'Devin Booker', 'Eric Bledsoe', 'Lou Williams', 'Klay Thompson', 'Rodney McGruder', 'Jahlil Okafor', 'Ryan Anderson']",315.6,297.5577761463821,199.0,192.0,0,0,292,"['Klay Thompson', 'Sean Kilpatrick', 'Joe Ingles', 'Giannis Antetokounmpo', 'Hassan Whiteside', 'Brook Lopez', 'Jameer Nelson', 'Jeff Green', 'Kevon Looney']","['Joe Ingles', 'Brandon Rush', 'Karl-Anthony Towns', 'T.J. McConnell', 'Kevin Durant', 'Greg Monroe', 'Joffrey Lauvergne', 'Marcus Smart', 'James Harden']",369.00000000000006,371.43098210692403,53100.0,58400.0,0,0,292,"['Marc Gasol', 'Solomon Hill', 'Carmelo Anthony', 'Kemba Walker', 'Alexis Ajinca', 'Eric Bledsoe', 'Brook Lopez', 'Aaron Gordon']","['Khris Middleton', 'Klay Thompson', 'Wesley Johnson', 'James Harden', ""D'Angelo Russell"", ""DeAndre' Bembry"", 'Hassan Whiteside', 'Dario Saric']",353.75,319.18437983840704,49300.0,49000.0,0,0
2017-02-16,37,"['Markieff Morris', 'Bobby Portis', 'Robin Lopez', 'Michael Carter-Williams', 'John Wall', 'Jimmy Butler', 'Kelly Olynyk', 'Monta Ellis']","['Monta Ellis', 'Isaiah Thomas', 'Myles Turner', 'Markieff Morris', 'Kelly Olynyk', 'Jimmy Butler', 'Robin Lopez', 'Taj Gibson']",264.7,257.8857061844319,180.0,192.0,0,0,37,"['Myles Turner', 'Jimmy Butler', 'Terry Rozier', 'Kelly Olynyk', 'Paul George', 'Markieff Morris', 'Isaiah Thomas', 'Robin Lopez', 'Michael Carter-Williams']","['Markieff Morris', 'Robin Lopez', 'Isaiah Thomas', 'Bradley Beal', 'Jimmy Butler', 'Amir Johnson', 'Trey Burke', 'John Wall', 'Kelly Olynyk']",298.0,285.4275218784809,56000.0,58300.0,0,0,37,"['Jason Smith', 'Markieff Morris', 'Robin Lopez', 'Jimmy Butler', 'Isaiah Thomas', 'Bobby Portis', 'Kelly Olynyk', 'Paul George']","['Rajon Rondo', 'Isaiah Thomas', 'John Wall', 'Rodney Stuckey', 'Kelly Olynyk', 'Jimmy Butler', 'Doug McDermott', 'Cristiano Felicio']",256.25,228.4580022469163,48800.0,48400.0,0,0
2017-02-13,219,"['Al-Farouq Aminu', 'Dwight Howard', 'Eric Bledsoe', 'Nikola Vucevic', 'Steven Adams', 'Spencer Dinwiddie', 'Evan Fournier', 'Dwight Howard']","['Bismack Biyombo', 'Yogi Ferrell', 'Jason Terry', 'Mike Conley', 'Blake Griffin', 'Eric Bledsoe', 'Dwight Howard', 'Greg Monroe']",316.9,300.01808482185004,182.0,195.0,1,0,219,"['Maurice Harkless', ""E'Twaun Moore"", 'Hassan Whiteside', 'Draymond Green', 'Tim Hardaway Jr.', 'Dwight Howard', 'Donatas Motiejunas', 'Blake Griffin', 'John Wall']","['Eric Bledsoe', 'Hassan Whiteside', 'Anthony Davis', 'Richaun Holmes', 'Nerlens Noel', 'Marcus Smart', 'Dion Waiters', 'Wesley Matthews', 'Elfrid Payton']",343.0,325.62765974467624,59400.0,59400.0,0,0,219,"['Nikola Vucevic', 'Al-Farouq Aminu', 'Kawhi Leonard', 'Rudy Gobert', 'Paul Millsap', 'Elfrid Payton', 'Greg Monroe', 'Ed Davis']","['Nerlens Noel', 'Domantas Sabonis', 'Sean Kilpatrick', 'Will Barton', 'Blake Griffin', 'Ed Davis', 'Mike Conley', 'John Wall']",340.5,298.2579419091344,49200.0,48900.0,0,0
2017-02-14,60,"['Michael Carter-Williams', 'Ricky Rubio', 'DeMarre Carroll', 'Lou Williams', 'Channing Frye', 'Lou Williams', 'Kyrie Irving', 'DeMarcus Cousins']","['Lou Williams', 'Michael Carter-Williams', 'Nick Young', 'Jordan Clarkson', 'DeMarcus Cousins', 'Cristiano Felicio', 'Gorgui Dieng', 'Andrew Wiggins']",328.6,273.2261112317443,198.0,175.0,1,0,60,"['Ricky Rubio', 'Brandon Rush', 'Andrew Wiggins', 'DeMarcus Cousins', 'DeMarcus Cousins', 'Rajon Rondo', 'Channing Frye', 'Larry Nance Jr.', 'Doug McDermott']","['DeMarcus Cousins', 'LeBron James', 'Bobby Portis', 'Taj Gibson', 'Larry Nance Jr.', 'Andrew Wiggins', 'Brandon Rush', 'Kyrie Irving', 'Lou Williams']",363.1,328.82151274196804,59100.0,59500.0,1,0,60,"['DeMarcus Cousins', 'Robin Lopez', 'Tristan Thompson', 'Doug McDermott', 'Andrew Wiggins', 'Andrew Wiggins', 'Lou Williams', 'Delon Wright']","['Ricky Rubio', 'Norman Powell', 'Jordan Clarkson', 'Kyrie Irving', 'Rajon Rondo', 'Willie Cauley-Stein', 'Karl-Anthony Towns', 'Jimmy Butler']",294.5,265.044800802134,49800.0,49800.0,1,0
2017-02-25,165,"['Andrew Wiggins', 'Karl-Anthony Towns', 'Tristan Thompson', 'Kyrie Irving', 'Kris Dunn', 'Dirk Nowitzki', 'Elfrid Payton', 'Gorgui Dieng']","['Seth Curry', 'Rondae Hollis-Jefferson', 'Gorgui Dieng', ""Kyle O'Quinn"", 'Karl-Anthony Towns', 'Robert Covington', 'Elfrid Payton', 'Stephen Curry']",333.6000000000001,366.9936540292576,199.0,197.0,0,0,165,"['Patrick Beverley', 'Jahlil Okafor', 'Karl-Anthony Towns', 'Anthony Davis', 'Jrue Holiday', 'Terrence Ross', 'Marco Belinelli', 'Justin Holiday', 'Robert Covington']","['Patrick Beverley', 'Dirk Nowitzki', 'Robert Covington', 'Elfrid Payton', 'Carmelo Anthony', 'Kyrie Irving', 'Jimmy Butler', 'Nene', 'Thaddeus Young']",391.49999999999994,358.7889099057764,55400.0,57000.0,0,0,165,"['James Johnson', 'Frank Kaminsky', 'Karl-Anthony Towns', 'Spencer Dinwiddie', ""Kyle O'Quinn"", 'Jahlil Okafor', 'Marco Belinelli', 'Jimmy Butler']","['Anthony Davis', 'Zaza Pachulia', 'Elfrid Payton', 'Dwyane Wade', 'Kyrie Irving', 'Frank Kaminsky', 'Patrick McCaw', 'Gorgui Dieng']",347.0,334.6520773973316,48900.0,49200.0,0,0
2017-02-24,209,"['Mason Plumlee', 'Tony Parker', 'Steven Adams', 'Dante Exum', 'Devin Booker', 'Rudy Gobert', 'Eric Bledsoe', 'Robert Covington']","['Steven Adams', 'Okaro White', ""D'Angelo Russell"", 'John Wall', 'Russell Westbrook', 'Cory Joseph', 'Tony Allen', 'Jordan Clarkson']",305.8,331.2350072471425,187.0,198.0,0,0,209,"['DeMar DeRozan', 'Gerald Henderson', 'Tony Parker', 'Richaun Holmes', 'Karl-Anthony Towns', 'Dwyane Wade', 'Jimmy Butler', 'Harrison Barnes', 'Steven Adams']","['Karl-Anthony Towns', 'Dion Waiters', 'Myles Turner', 'Steven Adams', 'Tyler Johnson', 'DeMar DeRozan', 'Gary Harris', 'T.J. McConnell', 'Michael Beasley']",371.1,338.4615395668894,59100.0,58000.0,0,0,209,"['Bradley Beal', 'Robert Covington', 'Tyler Johnson', 'Tony Allen', 'Kent Bazemore', 'Blake Griffin', 'Ricky Rubio', ""D'Angelo Russell""]","['Steven Adams', 'Nikola Mirotic', 'Caris LeVert', 'Dirk Nowitzki', 'Derrick Favors', 'Mason Plumlee', 'Russell Westbrook', 'Tyler Johnson']",334.0,295.33401184901595,48800.0,48000.0,0,0
2017-02-26,156,"['Alec Burks', 'Malcolm Brogdon', 'Nicolas Batum', 'Jae Crowder', 'Jeremy Lamb', 'Blake Griffin', 'Blake Griffin', 'Greg Monroe']","['Chris Paul', 'Jameer Nelson', 'Rudy Gobert', 'Rudy Gobert', 'George Hill', 'DeAndre Jordan', 'Alan Williams', 'Malcolm Brogdon']",318.30000000000007,346.95798361264167,196.0,198.0,1,1,156,"['Alan Williams', 'Rudy Gobert', 'Marc Gasol', 'Blake Griffin', 'Mike Conley', 'Luc Mbah a Moute', 'Alan Williams', 'Andre Drummond', 'Eric Bledsoe']","[""E'Twaun Moore"", 'Blake Griffin', 'Nicolas Batum', 'Jae Crowder', 'Alan Williams', 'Malcolm Brogdon', 'Blake Griffin', 'Zach Randolph', 'Mike Conley']",401.40000000000003,380.55207533314825,57700.0,54700.0,1,1,156,"['Nicolas Batum', 'Serge Ibaka', 'Dewayne Dedmon', 'Alan Williams', 'Zach Randolph', 'Kemba Walker', 'Blake Griffin', 'Kentavious Caldwell-Pope']","['DeMarre Carroll', 'Chris Paul', 'Meyers Leonard', 'JaMychal Green', 'DeAndre Jordan', 'Chris Paul', 'Blake Griffin', 'Danilo Gallinari']",341.5,311.52245623245835,49100.0,49200.0,0,1
2017-02-23,123,"['Damian Lillard', 'Kemba Walker', 'Courtney Lee', 'Terrence Ross', 'Kentavious Caldwell-Pope', 'DeMarcus Cousins', 'Omri Casspi', 'Shabazz Napier']","['Jusuf Nurkic', 'Raymond Felton', 'Stephen Curry', 'Tobias Harris', 'Clint Capela', 'Marvin Williams', 'Tristan Thompson', 'Stephen Curry']",336.79999999999995,334.2321629112586,199.0,192.0,0,1,123,"['Courtney Lee', 'Kentavious Caldwell-Pope', 'Kyrie Irving', 'Marvin Williams', 'DeMarcus Cousins', 'Marco Belinelli', 'Raymond Felton', 'Stephen Curry', 'Kevin Durant']","['Michael Kidd-Gilchrist', 'Kevin Durant', 'DeMarcus Cousins', 'Dante Cunningham', 'Austin Rivers', 'Stephen Curry', 'Jusuf Nurkic', 'Lou Williams', 'Kentavious Caldwell-Pope']",397.9,389.9797106653452,60000.0,52900.0,0,0,123,"['Kemba Walker', 'Jusuf Nurkic', 'Frank Kaminsky', 'Lance Thomas', 'Kyle Korver', 'Darren Collison', 'DeMarcus Cousins', 'Trevor Ariza']","['Kevin Durant', 'Nicolas Batum', 'Nikola Vucevic', 'Ty Lawson', 'Courtney Lee', 'Stephen Curry', 'Raymond Felton', 'Willie Cauley-Stein']",313.5,310.27861227095127,49900.0,48900.0,0,0
2017-03-03,200,"['Devin Booker', 'Khris Middleton', 'Elfrid Payton', 'Norman Powell', 'Yogi Ferrell', 'Tarik Black', 'Russell Westbrook', 'Greg Monroe']","['Nikola Vucevic', 'Justin Anderson', 'James Johnson', 'Kawhi Leonard', 'Khris Middleton', 'Markieff Morris', 'Kent Bazemore', 'Greg Monroe']",326.5,330.28146622478965,180.0,184.0,0,0,200,"['Boris Diaw', 'Kent Bazemore', 'Amir Johnson', 'Greg Monroe', 'LeBron James', 'Jrue Holiday', ""D'Angelo Russell"", 'Khris Middleton', 'Bradley Beal']","['Zach Randolph', 'LeBron James', 'Khris Middleton', 'Nerlens Noel', 'Kyrie Irving', 'DeMar DeRozan', 'Patrick Patterson', 'Jeremy Lin', 'Rudy Gobert']",360.0,371.5875237239525,54100.0,60000.0,0,0,200,"['LeBron James', 'Kyrie Irving', 'Greg Monroe', 'Markieff Morris', 'Devin Harris', 'Tyler Ulis', 'Khris Middleton', 'Terrence Ross']","['John Wall', 'LeBron James', 'Larry Nance Jr.', 'Joe Ingles', 'Deron Williams', 'Jahlil Okafor', 'Dario Saric', 'Nerlens Noel']",332.25,288.3283777423203,49400.0,49700.0,0,0
2017-03-04,163,"['Rondae Hollis-Jefferson', 'Nikola Jokic', 'Mike Conley', 'Spencer Hawes', 'Maurice Harkless', 'Nik Stauskas', 'Andre Drummond', 'Kawhi Leonard']","['Kentavious Caldwell-Pope', 'Mike Conley', 'Maurice Harkless', 'Eric Gordon', 'Marc Gasol', 'Deron Williams', 'Tobias Harris', 'Kawhi Leonard']",368.90000000000003,324.4897031933069,199.0,192.0,0,0,163,"['Kawhi Leonard', 'Eric Gordon', 'Kawhi Leonard', 'Tony Allen', 'James Harden', 'Patrick Beverley', 'Clint Capela', 'Channing Frye', 'Luc Mbah a Moute']","['Ish Smith', 'Kawhi Leonard', 'James Johnson', 'Dario Saric', 'Gorgui Dieng', 'James Harden', 'Jonathon Simmons', 'Clint Capela', 'Kawhi Leonard']",381.6,375.0990938559175,55200.0,58800.0,1,1,163,"['Malcolm Brogdon', 'JaMychal Green', 'Clint Capela', 'Khris Middleton', 'Cody Zeller', 'Nikola Jokic', 'Tobias Harris', 'CJ McCollum']","['Kemba Walker', 'Malcolm Brogdon', 'Norman Powell', 'Tobias Harris', 'Karl-Anthony Towns', 'Spencer Dinwiddie', 'Kawhi Leonard', 'Ish Smith']",299.75,292.8605552446097,48200.0,49200.0,0,0
2017-03-02,62,"['Eric Bledsoe', 'Alex Abrines', 'Al-Farouq Aminu', 'Jusuf Nurkic', 'Taj Gibson', 'Damian Lillard', 'Jusuf Nurkic', 'Jimmy Butler']","['Jusuf Nurkic', 'Jusuf Nurkic', 'Cody Zeller', 'Jimmy Butler', 'Bobby Portis', 'Leandro Barbosa', 'Cristiano Felicio', 'Kemba Walker']",320.3,297.4480252429843,196.0,158.0,1,1,62,"['Bobby Portis', 'Draymond Green', 'Andre Roberson', 'Jusuf Nurkic', 'Michael Kidd-Gilchrist', 'Jimmy Butler', 'Kemba Walker', 'Stephen Curry', 'Alan Williams']","['Leandro Barbosa', 'Marvin Williams', 'Jimmy Butler', 'Tyler Ulis', 'Michael Kidd-Gilchrist', 'Patrick McCaw', 'Russell Westbrook', 'Draymond Green', 'Kemba Walker']",368.4,304.37418421171606,58400.0,57600.0,0,0,62,"['Devin Booker', 'Robin Lopez', 'Jusuf Nurkic', 'Taj Gibson', 'Damian Lillard', 'Jimmy Butler', 'Patrick McCaw', 'Kemba Walker']","['Patrick McCaw', 'Eric Bledsoe', 'Taj Gibson', 'Kemba Walker', 'Leandro Barbosa', 'Russell Westbrook', 'Jusuf Nurkic', 'Leandro Barbosa']",301.5,276.0662959739566,49100.0,48100.0,0,1
2017-03-05,143,"['Rodney Hood', 'Rudy Gobert', 'Alan Williams', 'Terrence Ross', 'Bradley Beal', 'Elfrid Payton', 'Anthony Davis', 'Andre Iguodala']","['Paul Millsap', 'Tim Hardaway Jr.', 'Rudy Gobert', 'Brandon Ingram', 'Kosta Koufos', 'Dirk Nowitzki', 'Jrue Holiday', 'Rudy Gobert']",328.7,313.8896909981966,184.0,190.0,0,1,143,"['Draymond Green', 'Kristaps Porzingis', 'Bradley Beal', 'Rudy Gobert', ""E'Twaun Moore"", 'Carmelo Anthony', 'Zaza Pachulia', 'Stephen Curry', 'Bojan Bogdanovic']","['Dirk Nowitzki', 'Evan Fournier', 'Harrison Barnes', 'Jrue Holiday', 'Marquese Chriss', 'Jrue Holiday', 'Derrick Rose', 'Isaiah Thomas', 'Gordon Hayward']",349.2,340.36377305183555,59700.0,59200.0,0,1,143,"['Stephen Curry', 'Rudy Gobert', 'Norris Cole', 'Bojan Bogdanovic', 'Stephen Curry', 'Larry Nance Jr.', 'Paul Millsap', 'Amir Johnson']","['Jrue Holiday', 'Jae Crowder', 'Anthony Davis', 'Alan Williams', 'CJ Miles', 'Willie Cauley-Stein', 'Derrick Rose', 'Ron Baker']",294.75,274.78077753819525,49600.0,46600.0,1,0
2017-02-28,117,"['Mason Plumlee', 'Ish Smith', 'Bobby Portis', 'Marc Gasol', 'Ish Smith', 'Gary Harris', 'Danilo Gallinari', 'Russell Westbrook']","['Maurice Harkless', 'Will Barton', 'Zach Randolph', 'Julius Randle', 'Wilson Chandler', 'Jordan Clarkson', 'John Wall', 'Julius Randle']",311.3,318.3119079306722,197.0,196.0,1,1,117,"['Stanley Johnson', 'Draymond Green', 'Julius Randle', 'Rajon Rondo', 'Marvin Williams', 'Russell Westbrook', 'Frank Kaminsky', 'Julius Randle', 'CJ McCollum']","['Julius Randle', 'Danilo Gallinari', 'CJ McCollum', 'Bojan Bogdanovic', 'John Wall', 'Frank Kaminsky', 'Andre Iguodala', 'Russell Westbrook', 'Tyler Ulis']",422.70000000000005,341.49048302248116,58000.0,59700.0,1,0,117,"['Julius Randle', 'Damian Lillard', 'Robin Lopez', 'Gordon Hayward', 'Steven Adams', 'Frank Kaminsky', 'Will Barton', 'Denzel Valentine']","['Wilson Chandler', 'Julius Randle', 'Tony Allen', 'Zaza Pachulia', 'Russell Westbrook', 'Julius Randle', 'Stanley Johnson', 'Marc Gasol']",301.0,321.5930229574442,47700.0,49400.0,0,1
2017-02-27,149,"['Willie Cauley-Stein', 'Andrew Wiggins', 'LeBron James', 'Cory Joseph', 'Courtney Lee', 'Nemanja Bjelica', 'Dwight Howard', 'DeMar DeRozan']","['Draymond Green', 'Courtney Lee', 'Ty Lawson', 'Paul George', 'Clint Capela', 'Kyrie Irving', 'Dario Saric', 'Dion Waiters']",304.6,293.4578955829144,202.0,201.0,0,0,149,"['Rodney Stuckey', 'Taurean Prince', 'Karl-Anthony Towns', 'DeMar DeRozan', 'Kosta Koufos', 'Stephen Curry', 'Jeff Teague', 'Hassan Whiteside', 'Taurean Prince']","['Nemanja Bjelica', 'Draymond Green', 'Kevin Durant', 'Matthew Dellavedova', 'Paul George', 'Monta Ellis', 'Richard Jefferson', 'Karl-Anthony Towns', 'Hassan Whiteside']",363.19999999999993,318.28560815379024,57300.0,57900.0,1,0,149,"['Goran Dragic', 'Dirk Nowitzki', 'Paul George', 'Hassan Whiteside', 'Willie Cauley-Stein', 'Ty Lawson', 'Dennis Schroder', 'Nene']","['Nemanja Bjelica', 'DeMar DeRozan', 'Hassan Whiteside', 'Dwight Howard', 'Draymond Green', 'Rodney Stuckey', 'Andre Iguodala', 'Draymond Green']",276.25,304.77137203887105,46800.0,49800.0,0,1
2017-03-01,227,"['Seth Curry', 'Anthony Davis', 'Andre Drummond', 'Tyreke Evans', 'Ryan Anderson', 'Derrick Favors', 'Jeff Green', 'Dwight Howard']","['John Henson', 'John Wall', 'Markieff Morris', 'Jon Leuer', 'Anthony Davis', 'Bismack Biyombo', 'Wayne Ellington', 'Harrison Barnes']",282.8,274.56367850592363,187.0,201.0,0,0,227,"['Seth Curry', 'Nemanja Bjelica', 'Paul George', 'Ryan Anderson', 'Isaiah Thomas', 'Tyler Johnson', 'Hassan Whiteside', 'Serge Ibaka', 'Paul Millsap']","['Justin Holiday', 'James Johnson', 'Richard Jefferson', 'Chris Paul', 'David Lee', 'LeBron James', 'Dwight Howard', 'James Harden', 'Jon Leuer']",354.00000000000006,322.7376168236137,56800.0,59100.0,0,0,227,"['Chris Paul', 'Justin Anderson', 'LeBron James', 'Ryan Anderson', 'D.J. Augustin', 'Monta Ellis', 'Nene', 'Karl-Anthony Towns']","['Alexis Ajinca', 'LeBron James', 'Chris Paul', 'Andrew Wiggins', 'Myles Turner', 'Luc Mbah a Moute', 'Jon Leuer', 'Caris LeVert']",273.0,271.75425366312265,48400.0,47800.0,0,0
2017-03-10,167,"['Giannis Antetokounmpo', 'Arron Afflalo', 'Bismack Biyombo', 'Jeremy Lamb', 'Willie Cauley-Stein', 'Bradley Beal', 'Ian Mahinmi', 'Stephen Curry']","['Bradley Beal', 'Paul George', 'Klay Thompson', 'Jeremy Lamb', 'Paul Millsap', 'Jonas Valanciunas', 'Ricky Rubio', 'Salah Mejri']",285.40000000000003,292.32894577831024,196.0,200.0,0,0,167,"['Bismack Biyombo', 'James Harden', 'Cory Joseph', 'Giannis Antetokounmpo', 'Marvin Williams', 'Paul Zipser', 'Greg Monroe', 'DeMar DeRozan', 'Christian Wood']","['Wesley Matthews', 'John Wall', 'DeMar DeRozan', 'Dwight Howard', 'Darren Collison', 'Ricky Rubio', 'Quincy Acy', 'Marvin Williams', 'Paul George']",335.40000000000003,325.9290182700381,58600.0,59200.0,0,0,167,"['Stephen Zimmerman', 'Clint Capela', 'Marvin Williams', 'Dennis Schroder', 'Wilson Chandler', 'Jason Smith', 'Bradley Beal', 'Stephen Curry']","['Karl-Anthony Towns', 'Lou Williams', 'Stephen Curry', 'Montrezl Harrell', 'John Henson', 'Gerald Green', 'Bismack Biyombo', 'Bradley Beal']",285.25,234.2669364772737,48100.0,47700.0,0,0
2017-03-11,241,"['DeAndre Jordan', 'Kyle Anderson', 'Dante Cunningham', 'Jahlil Okafor', 'James Johnson', 'Andre Drummond', 'John Wall', 'Nikola Vucevic']","['Ian Clark', 'Taurean Prince', 'Nikola Vucevic', 'Pau Gasol', 'Anthony Davis', 'Elfrid Payton', 'Harrison Barnes', 'DeAndre Jordan']",327.5,320.71520391739904,192.0,197.0,0,0,241,"['Marco Belinelli', 'Boris Diaw', 'Gary Harris', 'Tyler Johnson', 'Marquese Chriss', 'Russell Westbrook', 'Anthony Davis', 'Andre Drummond', 'Dion Waiters']","['Russell Westbrook', 'Rashad Vaughn', 'Marvin Williams', 'Kemba Walker', 'Paul Millsap', 'Dante Cunningham', 'Anthony Davis', 'Noah Vonleh', 'Nikola Vucevic']",343.5,366.3273845203221,58500.0,59100.0,0,0,241,"['John Henson', 'Tristan Thompson', 'Anthony Davis', 'Kemba Walker', 'D.J. Augustin', 'Davis Bertans', 'DeAndre Jordan', 'Anthony Davis']","['Paul Millsap', 'DeAndre Jordan', 'Aaron Gordon', 'Blake Griffin', 'Taurean Prince', 'Anthony Davis', 'Justin Holiday', 'Terrence Ross']",362.25,304.24123913794756,48700.0,49400.0,1,0
2017-03-09,96,"['Dario Saric', 'Tobias Harris', 'Allen Crabbe', 'Jusuf Nurkic', 'Brandan Wright', 'Russell Westbrook', 'Brandon Ingram', 'Jusuf Nurkic']","['Dario Saric', 'Jusuf Nurkic', 'Jusuf Nurkic', 'Russell Westbrook', 'Jusuf Nurkic', 'Austin Rivers', 'Alan Williams', 'David Nwaba']",379.09999999999997,373.6194938078522,184.0,193.0,1,2,96,"['Jusuf Nurkic', 'Brandon Ingram', 'Jusuf Nurkic', 'Tarik Black', 'LeBron James', 'Sergio Rodriguez', 'Blake Griffin', 'Robert Covington', 'Reggie Jackson']","['Andre Drummond', 'Russell Westbrook', 'Danny Green', 'Jusuf Nurkic', 'Maurice Harkless', 'LeBron James', 'Channing Frye', 'Dewayne Dedmon', 'Jordan Clarkson']",421.79999999999995,352.6757448673249,56300.0,59000.0,1,0,96,"['Jusuf Nurkic', 'Jusuf Nurkic', 'Russell Westbrook', 'Tarik Black', 'Wesley Johnson', 'Jusuf Nurkic', 'Marreese Speights', 'Devin Booker']","['Austin Rivers', 'Robert Covington', 'Channing Frye', 'Victor Oladipo', 'Troy Daniels', 'Russell Westbrook', 'Jusuf Nurkic', 'Devin Booker']",377.75,306.7456362731755,49200.0,48400.0,2,0
2017-03-12,117,"['Paul George', 'Rakeem Christmas', 'James Harden', 'Trevor Ariza', 'Clint Capela', 'Nene', 'Rondae Hollis-Jefferson', 'CJ McCollum']","['Jusuf Nurkic', 'Dion Waiters', 'Jordan Clarkson', 'James Harden', 'Kelly Olynyk', 'Tristan Thompson', 'Carmelo Anthony', 'Larry Nance Jr.']",282.29999999999995,312.6768884450197,195.0,193.0,0,0,117,"['Trevor Ariza', 'Julius Randle', 'Dion Waiters', 'Ron Baker', 'Hassan Whiteside', 'Dario Saric', 'James Harden', 'T.J. McConnell', 'Jordan Clarkson']","['Eric Bledsoe', 'Ryan Anderson', 'Jae Crowder', 'Glenn Robinson III', 'Dion Waiters', 'James Harden', 'Marquese Chriss', 'Hassan Whiteside', 'Avery Bradley']",376.59999999999997,310.49865375496444,60000.0,58000.0,0,0,117,"['Jahlil Okafor', 'Dario Saric', 'Jordan Clarkson', 'Damian Lillard', 'Jaylen Brown', 'Caris LeVert', 'Jusuf Nurkic', 'Hassan Whiteside']","['Nene', 'Jusuf Nurkic', 'Jahlil Okafor', 'Kristaps Porzingis', 'James Harden', 'Denzel Valentine', 'Ryan Anderson', 'Dion Waiters']",316.5,291.93886063992977,49600.0,48000.0,0,0
2017-03-06,223,"['Gordon Hayward', 'Glenn Robinson III', 'Andre Iguodala', 'Jamal Crawford', 'Giannis Antetokounmpo', 'Shaun Livingston', 'Rudy Gobert', 'Sean Kilpatrick']","['Tony Snell', 'Wilson Chandler', 'Michael Kidd-Gilchrist', 'Wilson Chandler', 'Kawhi Leonard', 'Dennis Schroder', 'Tristan Thompson', 'Ty Lawson']",280.7,334.1050258778036,169.0,183.0,0,1,223,"['Manu Ginobili', 'Patrick Beverley', 'Cody Zeller', 'Wilson Chandler', 'Wilson Chandler', 'Gordon Hayward', 'Paul Millsap', 'Elfrid Payton', 'Tobias Harris']","['Danilo Gallinari', 'Patrick Beverley', 'LeBron James', 'Robin Lopez', 'Khris Middleton', 'Ersan Ilyasova', 'Chris Paul', 'Dario Saric', 'Jon Leuer']",349.40000000000003,303.3903998576104,51900.0,58200.0,1,0,223,"['Andre Iguodala', 'Danny Green', 'Blake Griffin', 'Kawhi Leonard', 'Kelly Olynyk', 'Kemba Walker', 'Wilson Chandler', 'Cristiano Felicio']","['Draymond Green', 'Paul George', 'Dennis Schroder', 'Michael Kidd-Gilchrist', 'Rudy Gobert', 'Courtney Lee', 'Aaron Gordon', 'Randy Foye']",300.0,277.04456251114607,48200.0,48100.0,0,0
2017-03-07,62,"['Russell Westbrook', 'Ian Mahinmi', 'Alex Len', 'Bojan Bogdanovic', 'Larry Nance Jr.', 'Ian Mahinmi', 'John Wall', 'Seth Curry']","['Russell Westbrook', 'Jason Smith', 'John Wall', 'Bojan Bogdanovic', 'Ian Mahinmi', 'Ian Mahinmi', 'Julius Randle', 'Yogi Ferrell']",366.99999999999994,368.409442647174,191.0,200.0,1,1,62,"['Seth Curry', 'Ian Mahinmi', 'Maurice Harkless', 'Dorian Finney-Smith', 'John Wall', 'Julius Randle', 'Bradley Beal', 'Russell Westbrook', 'Allen Crabbe']","['Noah Vonleh', 'Al-Farouq Aminu', 'Dirk Nowitzki', 'Russell Westbrook', 'Julius Randle', 'Leandro Barbosa', 'Seth Curry', 'John Wall', 'Bojan Bogdanovic']",371.09999999999997,369.360422167182,59800.0,59200.0,0,0,62,"['Bojan Bogdanovic', 'Jason Smith', ""D'Angelo Russell"", 'Jordan Clarkson', 'John Wall', 'Dirk Nowitzki', 'Julius Randle', 'Alex Len']","['John Wall', 'Taj Gibson', 'Jason Smith', 'Nerlens Noel', 'Dirk Nowitzki', 'Julius Randle', 'Bojan Bogdanovic', 'Damian Lillard']",319.75,306.15018709748983,46400.0,49100.0,0,0
2017-03-08,222,"['Clint Capela', 'Giannis Antetokounmpo', 'Dion Waiters', 'Mason Plumlee', 'Evan Fournier', 'Paul George', 'Jeremy Lin', 'Jonas Valanciunas']","['Thabo Sefolosha', 'DeAndre Jordan', 'Joffrey Lauvergne', 'Klay Thompson', 'Giannis Antetokounmpo', 'Rudy Gobert', 'Elfrid Payton', 'Gorgui Dieng']",329.49999999999994,358.5388036601246,199.0,197.0,0,0,222,"['Wilson Chandler', 'Hassan Whiteside', 'CJ Miles', 'Giannis Antetokounmpo', 'Thabo Sefolosha', 'David Lee', 'Giannis Antetokounmpo', 'Joffrey Lauvergne', 'Blake Griffin']","['John Wall', 'Andre Drummond', 'Stephen Curry', 'Thabo Sefolosha', 'Tyreke Evans', 'Jae Crowder', 'Stanley Johnson', 'Giannis Antetokounmpo', 'Garrett Temple']",357.0,342.86739163175224,57400.0,58900.0,1,0,222,"['Goran Dragic', 'Nicolas Batum', 'Marvin Williams', 'Patty Mills', 'Jeremy Lin', 'Giannis Antetokounmpo', 'Manu Ginobili', 'Klay Thompson']","['Kelly Olynyk', 'Kemba Walker', 'Dion Waiters', 'Ersan Ilyasova', 'Lou Williams', 'James Johnson', 'Clint Capela', 'Hassan Whiteside']",335.0,278.01827208697796,47600.0,45200.0,0,0
2017-03-17,159,"['Jordan Clarkson', 'Anthony Davis', 'Cory Joseph', 'Jae Crowder', 'Al Horford', 'Aaron Gordon', 'Marquese Chriss', 'Hassan Whiteside']","['James Harden', 'Josh Richardson', 'Tim Frazier', 'Richaun Holmes', 'Alex Len', 'Jae Crowder', 'Andrew Wiggins', 'Aaron Gordon']",316.3,293.3692532520741,202.0,187.0,0,0,159,"['Jrue Holiday', 'James Johnson', 'Shabazz Muhammad', 'Anthony Davis', 'Solomon Hill', 'Eric Gordon', 'Tyler Ulis', 'James Harden', 'Andre Drummond']","['Dante Cunningham', 'Nikola Mirotic', 'Jimmy Butler', 'Spencer Dinwiddie', 'Jae Crowder', 'Aaron Gordon', 'Giannis Antetokounmpo', 'James Harden', 'James Johnson']",369.99999999999994,344.8151071295142,59000.0,58400.0,0,0,159,"['Solomon Hill', 'Richaun Holmes', 'James Harden', 'Shawn Long', 'James Harden', 'Nik Stauskas', 'Jason Smith', 'Nikola Vucevic']","['Justin Anderson', 'Anthony Davis', 'Solomon Hill', 'Jrue Holiday', 'Hassan Whiteside', 'Jae Crowder', 'Robin Lopez', 'Goran Dragic']",366.25,338.7667426429689,48700.0,48400.0,1,0
2017-03-18,163,"['Eric Gordon', 'Jusuf Nurkic', 'Marvin Williams', 'Russell Westbrook', 'Dwight Howard', 'Denzel Valentine', 'Ersan Ilyasova', 'George Hill']","['Gary Harris', 'Bobby Portis', 'Blake Griffin', 'DeAndre Jordan', 'Jameer Nelson', 'CJ McCollum', 'Vince Carter', 'Mike Conley']",316.7,292.21580789387224,201.0,199.0,0,0,163,"['Greg Monroe', 'Steven Adams', 'DeAndre Jordan', 'James Harden', 'George Hill', 'Klay Thompson', 'Michael Kidd-Gilchrist', 'Jimmy Butler', 'Ersan Ilyasova']","['CJ McCollum', 'Cody Zeller', 'Vince Carter', 'Jusuf Nurkic', 'Robin Lopez', 'Jimmy Butler', 'Taurean Prince', 'James Harden', 'Damian Lillard']",358.8,360.52279303148396,59600.0,58900.0,0,0,163,"['Georgios Papagiannis', 'Jimmy Butler', 'CJ McCollum', 'Luc Mbah a Moute', 'Gordon Hayward', 'Paul Pierce', 'James Harden', 'Jameer Nelson']","['Jusuf Nurkic', 'Allen Crabbe', 'Skal Labissiere', 'Cody Zeller', 'Jimmy Butler', 'Denzel Valentine', 'DeAndre Jordan', 'Stephen Curry']",296.0,276.0104414112866,48000.0,48300.0,0,0
2017-03-16,127,"['Stephen Curry', 'David West', 'Chris Paul', 'Will Barton', ""Kyle O'Quinn"", 'Justin Holiday', 'Carmelo Anthony', 'JaMychal Green']","['Rudy Gobert', 'JJ Redick', 'Rudy Gobert', 'Will Barton', 'David West', 'Russell Westbrook', 'Patrick McCaw', 'Tim Hardaway Jr.']",286.59999999999997,294.8074150972068,190.0,194.0,0,1,127,"['Andre Iguodala', 'Chris Paul', 'Rudy Gobert', 'Jameer Nelson', 'Taj Gibson', 'LeBron James', 'Will Barton', 'Carmelo Anthony', ""Kyle O'Quinn""]","['Mario Hezonja', 'LeBron James', 'Will Barton', 'Gordon Hayward', 'Mason Plumlee', ""Kyle O'Quinn"", 'Ron Baker', 'Russell Westbrook', 'Marc Gasol']",355.50000000000006,330.04911880679424,56100.0,58300.0,0,0,127,"['Carmelo Anthony', ""Kyle O'Quinn"", 'Stephen Curry', 'Rondae Hollis-Jefferson', 'JaMychal Green', 'Lance Thomas', 'Mike Conley', 'Cory Joseph']","['Rudy Gobert', 'Marc Gasol', 'Victor Oladipo', 'Rondae Hollis-Jefferson', 'Andre Roberson', 'Joe Ingles', 'Dante Exum', 'Russell Westbrook']",298.25,291.62441060878336,46000.0,48400.0,0,0
2017-03-19,159,"['Ricky Rubio', ""D'Angelo Russell"", 'James Johnson', 'Corey Brewer', 'Hassan Whiteside', 'Harrison Barnes', 'J.J. Barea', 'Tyler Ulis']","[""D'Angelo Russell"", 'J.J. Barea', 'Marcus Smart', 'Anthony Tolliver', 'Goran Dragic', 'Damian Lillard', 'Spencer Dinwiddie', 'Andrew Wiggins']",312.70000000000005,287.16835296861825,181.0,188.0,0,0,159,"['Al Horford', 'James Johnson', 'Kyrie Irving', 'Andre Drummond', 'J.J. Barea', 'Kevin Love', 'Gorgui Dieng', 'Andrew Wiggins', 'Jusuf Nurkic']","['Richaun Holmes', 'CJ Miles', 'Jrue Holiday', 'Willie Cauley-Stein', 'Jusuf Nurkic', 'Karl-Anthony Towns', 'Damian Lillard', 'Tony Parker', 'Jusuf Nurkic']",386.0,337.8257416430861,58000.0,58400.0,0,1,159,"['Andre Drummond', 'Terry Rozier', 'LeBron James', 'Sergio Rodriguez', 'Richaun Holmes', 'Garrett Temple', 'Andrew Wiggins', 'Al Horford']","['Cory Joseph', 'Al Horford', 'Patty Mills', 'Anthony Davis', 'Wesley Matthews', 'Tyler Ulis', 'Jonas Valanciunas', 'James Johnson']",303.0,297.5092265792191,48000.0,49800.0,0,0
2017-03-14,107,"[""E'Twaun Moore"", 'Dario Saric', 'T.J. McConnell', 'Richaun Holmes', 'Rondae Hollis-Jefferson', 'Draymond Green', 'Draymond Green', 'Jeremy Lin']","['Matt Barnes', 'Victor Oladipo', 'Draymond Green', 'Jahlil Okafor', 'T.J. McConnell', 'Dario Saric', 'Gerald Henderson', 'Carmelo Anthony']",333.2,311.0623717591167,176.0,180.0,1,0,107,"['Richard Jefferson', 'Russell Westbrook', 'Robert Covington', 'Jahlil Okafor', 'Brook Lopez', 'Deron Williams', 'Taj Gibson', 'Alex Abrines', 'Stephen Curry']","['Draymond Green', 'Stanley Johnson', 'Draymond Green', 'Jeremy Lin', 'Solomon Hill', 'Draymond Green', 'Myles Turner', 'Brook Lopez', 'Reggie Jackson']",331.90000000000003,352.03702405616644,56300.0,53200.0,0,2,107,"[""E'Twaun Moore"", 'Dario Saric', 'Robert Covington', 'Draymond Green', 'Deron Williams', 'Alex Abrines', 'Damian Lillard', 'Draymond Green']","['Jahlil Okafor', 'Draymond Green', 'Stephen Curry', 'Victor Oladipo', 'Timothe Luwawu-Cabarrot', 'Taj Gibson', 'DeMarcus Cousins', 'Alex Abrines']",306.5,299.07298337854445,49600.0,48700.0,1,0
2017-03-13,168,"['Ivica Zubac', 'Ricky Rubio', 'Rajon Rondo', 'Marvin Williams', 'Darren Collison', 'Tim Hardaway Jr.', 'Ricky Rubio', 'Jimmy Butler']","['Delon Wright', 'Jimmy Butler', 'Jimmy Butler', 'Skal Labissiere', 'Jonas Valanciunas', 'Darren Collison', 'George Hill', 'Pau Gasol']",379.0,320.69979648664594,192.0,191.0,1,1,168,"['DeMar DeRozan', 'Nikola Jokic', 'Marvin Williams', 'Tim Hardaway Jr.', 'Norman Powell', 'Gorgui Dieng', 'Ricky Rubio', 'Marvin Williams', 'Will Barton']","['Marvin Williams', 'Darren Collison', 'Ricky Rubio', 'George Hill', 'Ricky Rubio', 'Yogi Ferrell', 'Bradley Beal', 'Tony Snell', 'Karl-Anthony Towns']",355.0,373.65825274251404,56600.0,58500.0,1,1,168,"['Karl-Anthony Towns', 'Jeff Green', 'Pau Gasol', 'Dirk Nowitzki', 'Chris Paul', 'Nikola Mirotic', 'Elfrid Payton', 'Malcolm Brogdon']","['Darren Collison', 'Chris Paul', 'Joe Ingles', 'Karl-Anthony Towns', 'Rajon Rondo', 'Georgios Papagiannis', 'Marvin Williams', 'Marvin Williams']",330.5,311.4640910178423,49500.0,48400.0,0,1
2017-03-15,206,"['DeAndre Jordan', 'Willie Cauley-Stein', 'Kawhi Leonard', 'Ricky Rubio', 'Paul George', 'Kosta Koufos', 'Marcus Smart', 'Denzel Valentine']","['Marquese Chriss', 'Damian Lillard', 'Robin Lopez', 'Joe Johnson', 'DeAndre Jordan', 'Anthony Davis', 'Cody Zeller', 'Lou Williams']",339.99999999999994,311.81603300981226,196.0,192.0,0,0,206,"['LaMarcus Aldridge', 'Lou Williams', 'Andrew Wiggins', 'Skal Labissiere', 'Paul George', 'Clint Capela', 'James Harden', 'Rajon Rondo', 'Skal Labissiere']","['Wayne Ellington', 'John Wall', 'Willie Cauley-Stein', 'Marquese Chriss', 'Devin Booker', 'George Hill', 'Kawhi Leonard', 'Tyler Ulis', 'Willie Cauley-Stein']",386.49999999999994,378.06696498468517,58100.0,56900.0,1,1,206,"['James Harden', 'Langston Galloway', 'Lou Williams', 'Goran Dragic', 'J.J. Barea', 'Shabazz Muhammad', 'Lou Williams', 'Julius Randle']","['Rajon Rondo', 'Skal Labissiere', 'Willie Cauley-Stein', 'Al Horford', 'Hassan Whiteside', 'Paul George', 'Lou Williams', 'CJ McCollum']",316.5,354.97871877998114,48100.0,49400.0,1,0
2017-03-24,200,"['Jordan Clarkson', 'Devin Booker', 'Ian Mahinmi', 'Kris Dunn', 'Jared Dudley', 'Stephen Curry', 'Giannis Antetokounmpo', 'Alan Williams']","['Ian Mahinmi', 'Devin Booker', 'Kevon Looney', 'Jrue Holiday', 'Julius Randle', 'Brandon Jennings', 'Isaiah Thomas', 'Jordan Clarkson']",409.40000000000003,322.0434938453138,202.0,184.0,0,0,200,"['Giannis Antetokounmpo', 'Zaza Pachulia', 'Giannis Antetokounmpo', 'Devin Booker', 'Paul George', 'Kelly Olynyk', 'Gerald Henderson', 'Brandon Jennings', 'Dario Saric']","['Ian Clark', 'Terrence Ross', 'Anthony Davis', 'Marcus Smart', 'Wilson Chandler', 'Kris Dunn', 'Jimmy Butler', 'Kemba Walker', 'Giannis Antetokounmpo']",445.1,383.9170899650082,57900.0,58800.0,1,0,200,"['Danilo Gallinari', 'DeMarcus Cousins', 'Julius Randle', 'Devin Booker', 'Malcolm Brogdon', 'Devin Booker', 'Taurean Prince', 'Jodie Meeks']","['Terrence Ross', 'Stephen Curry', 'Jimmy Butler', 'Matthew Dellavedova', 'Kevon Looney', 'Devin Booker', 'Isaiah Thomas', 'Brandon Jennings']",387.75,314.30058251693845,49200.0,48500.0,1,0
2017-03-26,209,"['Al Horford', 'Devin Booker', 'Jimmy Butler', 'Nene', 'Trevor Ariza', 'James Johnson', 'Paul Zipser', 'Tyler Johnson']","['Nikola Mirotic', 'Russell Westbrook', 'Tim Frazier', 'Jeremy Lin', 'Mike Conley', 'Zach Randolph', 'Andre Iguodala', 'Tyler Johnson']",309.8,315.6408588225022,183.0,192.0,0,0,209,"['Jusuf Nurkic', 'Paul George', 'Tyler Ennis', 'James Johnson', 'Trevor Ariza', 'Andre Iguodala', 'Cody Zeller', 'Rajon Rondo', 'Jrue Holiday']","['Zach Randolph', 'Dennis Schroder', 'Taurean Prince', 'Marvin Williams', 'Russell Westbrook', 'Richaun Holmes', 'Jae Crowder', 'Steven Adams', 'Trevor Ariza']",353.0,350.1489142851904,54400.0,56800.0,0,0,209,"['Austin Rivers', 'Al Horford', 'Noah Vonleh', 'Russell Westbrook', 'Eric Gordon', 'Langston Galloway', 'Jimmy Butler', 'JaMychal Green']","['Tyler Johnson', 'Draymond Green', 'Anthony Davis', 'Darren Collison', 'Nicolas Batum', 'Rajon Rondo', 'Lou Williams', 'Jason Terry']",279.5,261.10169051773846,48900.0,49900.0,0,0
2017-03-25,108,"['Pau Gasol', 'Tristan Thompson', 'Marreese Speights', 'Derrick Rose', 'Jamal Crawford', 'Devin Harris', 'Kawhi Leonard', 'John Wall']","['Joe Johnson', 'Harrison Barnes', 'Rudy Gobert', 'Bradley Beal', 'Jason Smith', 'Jamal Crawford', 'LaMarcus Aldridge', 'John Wall']",308.2,300.12872584145515,188.0,199.0,0,0,108,"['Delon Wright', 'Jamal Crawford', 'Wesley Matthews', 'Ron Baker', 'John Wall', 'Harrison Barnes', 'Jusuf Nurkic', 'Jason Smith', 'Kawhi Leonard']","['Kawhi Leonard', 'Wesley Matthews', 'Tony Parker', 'Jamal Crawford', 'Rudy Gobert', 'Pau Gasol', 'John Wall', 'Kris Dunn', 'Markieff Morris']",303.0,340.8464323220775,51700.0,53700.0,0,0,108,"['LaMarcus Aldridge', 'Harrison Barnes', 'Marreese Speights', 'CJ McCollum', 'Kris Dunn', 'Jonas Valanciunas', 'Rudy Gobert', 'LeBron James']","['Kris Dunn', 'LeBron James', 'Manu Ginobili', 'Tristan Thompson', 'Jusuf Nurkic', 'Markieff Morris', 'John Wall', 'Harrison Barnes']",299.5,283.7139763440937,49900.0,49900.0,0,0
2017-03-23,101,"['Marquese Chriss', 'DeMar DeRozan', 'KJ McDaniels', 'James Johnson', 'Tony Parker', 'Hassan Whiteside', 'Tyler Ulis', 'Nerlens Noel']","['Devin Harris', 'DeAndre Jordan', 'Josh Richardson', 'LaMarcus Aldridge', 'Isaiah Whitehead', 'Damian Lillard', 'Archie Goodwin', 'DeMar DeRozan']",305.9,277.226274478808,168.0,178.0,0,0,101,"['Damian Lillard', 'Patty Mills', 'Wesley Matthews', 'Alex Len', 'LaMarcus Aldridge', 'Goran Dragic', 'James Johnson', 'DeMar DeRozan', 'Marquese Chriss']","['Rodney McGruder', 'Damian Lillard', 'Damian Lillard', 'Quincy Acy', 'Tyler Ulis', 'Marquese Chriss', 'DeMar DeRozan', 'DeAndre Jordan', 'Rondae Hollis-Jefferson']",349.5,348.98936536405233,59100.0,58900.0,0,1,101,"['Seth Curry', 'Wesley Matthews', 'DeMar DeRozan', 'Marquese Chriss', 'Rondae Hollis-Jefferson', 'DeMar DeRozan', 'DeAndre Jordan', 'Alex Len']","['DeMar DeRozan', 'Al-Farouq Aminu', 'Mike Conley', 'Hassan Whiteside', 'Delon Wright', 'Tony Allen', 'DeMar DeRozan', 'Marquese Chriss']",315.75,296.28990730270743,48500.0,49700.0,1,1
2017-03-22,165,"['Cody Zeller', 'Mirza Teletovic', 'Kyrie Irving', 'Jon Leuer', 'Bradley Beal', 'Nikola Vucevic', 'Kemba Walker', 'Nikola Mirotic']","['Kenneth Faried', 'Giannis Antetokounmpo', 'Michael Kidd-Gilchrist', 'Bradley Beal', 'Cody Zeller', 'Garrett Temple', 'Will Barton', 'Rudy Gobert']",301.9,311.888579088822,200.0,200.0,0,0,165,"['Jimmy Butler', 'Giannis Antetokounmpo', 'Rudy Gobert', 'Giannis Antetokounmpo', 'Aron Baynes', 'Malcolm Brogdon', 'Tyler Zeller', 'Carmelo Anthony', 'Wilson Chandler']","['Rudy Gobert', 'Jae Crowder', 'Jason Terry', 'John Wall', 'Russell Westbrook', 'Isaiah Thomas', 'Kyle Korver', 'Kenneth Faried', 'Lavoy Allen']",342.6000000000001,317.56296476665887,59600.0,58900.0,1,0,165,"['Andre Drummond', 'Michael Carter-Williams', 'Nikola Mirotic', 'Kristaps Porzingis', 'Giannis Antetokounmpo', 'Avery Bradley', 'Thabo Sefolosha', 'Garrett Temple']","['Nicolas Batum', 'Rudy Gobert', 'Isaiah Thomas', 'Joffrey Lauvergne', 'Al Horford', 'Monta Ellis', 'Paul George', 'Kenneth Faried']",273.25,276.7002047151327,46300.0,49000.0,0,0
2017-03-21,161,"['DeMarcus Cousins', 'Al-Farouq Aminu', 'Marquese Chriss', 'Jimmy Butler', 'Ish Smith', 'Julius Randle', 'Isaiah Whitehead', 'Patrick Patterson']","['Brook Lopez', 'Brandon Ingram', 'LaMarcus Aldridge', 'Jusuf Nurkic', 'Hassan Whiteside', 'Tyler Johnson', 'Rajon Rondo', 'Jonas Valanciunas']",304.5,300.9942727450282,188.0,179.0,0,0,161,"['Draymond Green', 'Greg Monroe', 'LaMarcus Aldridge', 'Tyler Johnson', 'Shabazz Muhammad', 'Wayne Ellington', 'Damian Lillard', 'Rajon Rondo', 'Chris Paul']","['Jimmy Butler', 'Hassan Whiteside', 'Jrue Holiday', 'Tyler Johnson', 'Ish Smith', 'Austin Rivers', 'Jusuf Nurkic', 'Dirk Nowitzki', 'Tobias Harris']",336.8,361.72888066153973,57200.0,56700.0,0,0,161,"['Vince Carter', 'Mirza Teletovic', 'Paul Zipser', 'LaMarcus Aldridge', 'Greg Monroe', 'Jimmy Butler', 'Karl-Anthony Towns', 'DeMarcus Cousins']","['DeMarcus Cousins', 'DeMar DeRozan', 'Maurice Harkless', 'DeMar DeRozan', 'Tobias Harris', 'John Henson', 'Tyler Johnson', 'Khris Middleton']",321.25,348.3915977589786,50000.0,49600.0,0,1
2017-03-20,150,"['Thabo Sefolosha', 'Trevor Ariza', 'Nikola Vucevic', 'Myles Turner', 'Dario Saric', 'Robert Covington', 'Richaun Holmes', 'Semaj Christon']","['Jeff Teague', 'Will Barton', 'Isaiah Thomas', 'CJ Miles', 'Klay Thompson', 'Richaun Holmes', 'Thabo Sefolosha', 'Klay Thompson']",302.99999999999994,331.1532183542847,164.0,192.0,0,1,150,"['Rudy Gobert', 'Avery Bradley', 'Richaun Holmes', 'Jeremy Lamb', 'Luc Mbah a Moute', 'T.J. McConnell', 'Robert Covington', 'Brandon Jennings', 'James Harden']","['Rudy Gobert', 'Terrence Ross', 'T.J. McConnell', 'Klay Thompson', 'T.J. McConnell', 'Will Barton', 'Paul George', 'Gary Harris', 'Gordon Hayward']",382.5,378.6304016314447,55200.0,57600.0,0,1,150,"['Robert Covington', 'Myles Turner', 'Nik Stauskas', 'Aaron Gordon', 'Dwight Howard', 'Rudy Gobert', 'Avery Bradley', 'Will Barton']","['Gordon Hayward', 'Jeff Teague', 'Will Barton', 'Blake Griffin', 'CJ Miles', 'Thaddeus Young', 'Nikola Vucevic', 'T.J. McConnell']",324.75,312.90225240401924,49200.0,48900.0,0,0
2017-03-31,208,"['Andre Iguodala', 'Cody Zeller', 'Kevin Love', 'Beno Udrih', 'DeMarcus Cousins', 'Delon Wright', 'Giannis Antetokounmpo', 'Jonas Valanciunas']","['J.J. Barea', 'Sasha Vujacic', 'Anthony Davis', 'Marvin Williams', 'DeMarcus Cousins', 'Sam Dekker', 'Aaron Gordon', 'Jonas Valanciunas']",346.7,314.0865164762362,199.0,197.0,0,0,208,"['Giannis Antetokounmpo', 'Anthony Davis', 'Ron Baker', 'Zach Randolph', 'Justin Holiday', 'Gary Harris', 'Rudy Gobert', 'Cody Zeller', 'Jonas Valanciunas']","['DeMar DeRozan', 'Michael Kidd-Gilchrist', 'Andre Iguodala', 'Myles Turner', 'Giannis Antetokounmpo', 'Serge Ibaka', 'Patty Mills', 'DeMarcus Cousins', 'Zach Randolph']",360.2,369.6309992240742,56300.0,58900.0,0,0,208,"['JaVale McGee', ""Kyle O'Quinn"", 'Mike Conley', 'Elfrid Payton', 'Isaiah Thomas', 'Cody Zeller', 'Aaron Gordon', 'Giannis Antetokounmpo']","['Aaron Gordon', 'LaMarcus Aldridge', 'Hassan Whiteside', 'DeMar DeRozan', 'Kenneth Faried', 'Justin Holiday', ""E'Twaun Moore"", 'Isaiah Thomas']",352.5,311.25517399050295,49800.0,47500.0,0,0
2017-04-01,97,"['Rajon Rondo', 'Elfrid Payton', 'CJ McCollum', 'Dennis Schroder', 'Ty Lawson', 'Jimmy Butler', 'Nikola Mirotic', 'Thomas Robinson']","['DeAndre Jordan', 'Blake Griffin', 'Arron Afflalo', 'Brook Lopez', 'Maurice Harkless', 'Elfrid Payton', 'Devin Booker', 'Alex Len']",352.30000000000007,295.02912531960754,198.0,190.0,0,0,97,"['Aaron Gordon', 'Rajon Rondo', 'Aaron Gordon', 'Andrew Wiggins', 'Jimmy Butler', 'Dennis Schroder', 'Andrew Wiggins', 'Brandon Rush', 'Nikola Vucevic']","['Jimmy Butler', 'Aaron Gordon', 'Tim Hardaway Jr.', 'Trevor Booker', 'Ty Lawson', 'Blake Griffin', 'Buddy Hield', 'Jimmy Butler', 'Rajon Rondo']",397.4,376.07149782422937,59900.0,59600.0,2,1,97,"['Rajon Rondo', 'Willie Cauley-Stein', 'Elfrid Payton', 'Gorgui Dieng', 'David Nwaba', 'Jimmy Butler', 'Brook Lopez', 'Paul Zipser']","['Chris Paul', 'Archie Goodwin', 'Dennis Schroder', 'Blake Griffin', 'Elfrid Payton', 'David Nwaba', 'Devin Booker', 'Anthony Tolliver']",322.5,316.2491869367659,49300.0,48900.0,0,0
2017-03-30,93,"['Al-Farouq Aminu', 'Robin Lopez', 'Trevor Ariza', 'Ricky Rubio', 'DeAndre Jordan', 'Allen Crabbe', 'Devin Booker', 'Rajon Rondo']","['Nikola Mirotic', 'Devin Booker', 'Karl-Anthony Towns', 'Ish Smith', 'Robin Lopez', 'Clint Capela', 'Ricky Rubio', 'Maurice Harkless']",329.5,315.2413618139922,166.0,179.0,0,0,93,"['Ricky Rubio', 'Maurice Harkless', 'Tyler Ulis', 'Trevor Ariza', 'Chris Paul', 'Tarik Black', 'Nikola Mirotic', 'Rajon Rondo', 'Blake Griffin']","['Noah Vonleh', 'Lou Williams', 'Devin Booker', 'Rajon Rondo', 'Trevor Ariza', 'Nikola Mirotic', 'Maurice Harkless', 'James Harden', 'Ricky Rubio']",397.3,329.76935392282905,56700.0,58900.0,0,0,93,"['LeBron James', 'Gorgui Dieng', 'Nikola Mirotic', 'Aron Baynes', 'Rajon Rondo', 'Iman Shumpert', 'Devin Booker', 'Ish Smith']","['Karl-Anthony Towns', 'Raymond Felton', 'Al-Farouq Aminu', 'Nene', 'Maurice Harkless', 'Jamal Crawford', 'Chris Paul', 'Jimmy Butler']",307.5,264.14881793782115,48500.0,49400.0,0,0
2017-04-02,232,"['Troy Williams', 'Brook Lopez', 'Dewayne Dedmon', 'David West', 'Bradley Beal', 'Kemba Walker', 'Rudy Gobert', 'Nene']","['Clint Capela', 'Paul George', 'Brook Lopez', 'Rodney McGruder', 'Tyler Ulis', 'Nicolas Batum', 'Paul George', 'Bobby Portis']",310.9,366.8705422246829,178.0,197.0,0,1,232,"['Wilson Chandler', ""D'Angelo Russell"", 'Jimmy Butler', 'Mike Conley', 'Tristan Thompson', 'Tony Parker', 'Giannis Antetokounmpo', 'Victor Oladipo', 'Lou Williams']","['DeMarre Carroll', 'Giannis Antetokounmpo', 'Trevor Booker', 'Stephen Curry', 'Rodney McGruder', 'Wilson Chandler', 'Paul George', 'Nerlens Noel', ""D'Angelo Russell""]",370.00000000000006,355.8944562368095,59000.0,55500.0,0,0,232,"['Tristan Thompson', 'Dennis Schroder', 'Nicolas Brussino', 'Paul George', 'Frank Kaminsky', 'Patrick Beverley', 'Paul George', 'Rajon Rondo']","['Russell Westbrook', 'Paul George', 'DeMarre Carroll', 'Thaddeus Young', 'David West', 'Marcus Smart', 'Nene', 'Draymond Green']",336.5,310.86367281898856,48800.0,49800.0,1,0
2017-03-28,148,"['Jameer Nelson', 'Dwight Howard', 'Ersan Ilyasova', 'Paul George', 'John Wall', 'Rondae Hollis-Jefferson', 'Tony Snell', ""D'Angelo Russell""]","['David Nwaba', 'Ersan Ilyasova', 'John Wall', 'Rodney McGruder', 'Ricky Rubio', 'Trevor Ariza', 'Dwight Howard', 'Michael Kidd-Gilchrist']",356.90000000000003,293.72541983090343,200.0,183.0,0,0,148,"['Andre Drummond', 'Brook Lopez', 'Kenneth Faried', 'Robert Covington', 'Stephen Curry', 'Jeremy Lin', 'Timothe Luwawu-Cabarrot', 'CJ McCollum', 'Dwight Howard']","['Ish Smith', ""D'Angelo Russell"", 'Jarell Eddie', 'Paul George', 'CJ McCollum', 'Jusuf Nurkic', 'Paul George', 'John Wall', 'Meyers Leonard']",393.5,364.41036751531067,58600.0,60000.0,0,1,148,"['Ronnie Price', 'Dennis Schroder', 'Goran Dragic', 'Jusuf Nurkic', 'Paul George', 'Ricky Rubio', 'Kris Dunn', 'Kentavious Caldwell-Pope']","['Jusuf Nurkic', 'Ish Smith', 'Trevor Ariza', 'Jeff Teague', 'Jusuf Nurkic', 'Brook Lopez', ""D'Angelo Russell"", 'Beno Udrih']",320.75,318.021895237267,49900.0,49300.0,0,1
2017-03-27,129,"['Kawhi Leonard', 'Willy Hernangomez', 'Kristaps Porzingis', 'Elfrid Payton', 'James Jones', 'Kosta Koufos', 'Rudy Gobert', 'Jonas Valanciunas']","['Delon Wright', 'Russell Westbrook', 'Derrick Rose', 'Nerlens Noel', 'Kosta Koufos', 'Zach Randolph', 'Yogi Ferrell', 'Carmelo Anthony']",309.3,315.57995797134936,196.0,189.0,0,0,129,"['Anthony Davis', 'Elfrid Payton', 'Ish Smith', 'Yogi Ferrell', 'Doug McDermott', 'Anthony Davis', 'Anthony Davis', 'Terrence Ross', 'Wesley Matthews']","['Anthony Davis', 'Joe Ingles', 'Channing Frye', 'Jrue Holiday', 'Darren Collison', 'Kristaps Porzingis', 'Patty Mills', 'Anthony Davis', 'Joe Ingles']",406.00000000000006,380.7196582050994,59700.0,54900.0,2,2,129,"['Anthony Davis', 'Willy Hernangomez', 'Carmelo Anthony', 'Zach Randolph', 'Jon Leuer', 'Russell Westbrook', 'Dewayne Dedmon', 'Devin Harris']","['Joe Johnson', 'Nikola Vucevic', 'Kosta Koufos', 'Nerlens Noel', 'Anthony Davis', 'Anthony Davis', 'Danny Green', 'Ish Smith']",319.75,332.1285883374512,49800.0,49900.0,0,1
2017-03-29,206,"['Pau Gasol', 'Tony Allen', 'Justin Anderson', 'Goran Dragic', 'John Wall', 'Mike Conley', 'Cory Joseph', 'Khris Middleton']","['Thaddeus Young', 'Shelvin Mack', 'Mike Conley', 'Jeremy Lamb', 'Aaron Brooks', 'Nikola Vucevic', 'Cory Joseph', 'Russell Westbrook']",333.09999999999997,317.8059296090156,202.0,191.0,0,0,206,"['Dirk Nowitzki', 'Marcus Smart', 'Josh Richardson', 'Stephen Curry', 'Kristaps Porzingis', 'Andre Iguodala', 'Joe Ingles', 'Russell Westbrook', 'Brian Roberts']","['Blake Griffin', 'Nikola Vucevic', 'Evan Fournier', 'Nicolas Batum', 'Cory Joseph', 'Mike Conley', 'Khris Middleton', 'Andre Iguodala', 'Aaron Gordon']",359.09999999999997,356.743687963672,58200.0,56800.0,0,0,206,"['Khris Middleton', 'Jonas Valanciunas', 'Dwight Howard', 'Dante Exum', 'John Wall', 'Rodney McGruder', 'Harrison Barnes', 'Chris Paul']","['Russell Westbrook', 'Andre Roberson', 'Stephen Curry', 'Paul George', 'Skal Labissiere', 'Danny Green', 'Ben McLemore', 'Josh Richardson']",298.5,310.42373396269977,49500.0,50000.0,0,0
2017-04-07,179,"[""Kyle O'Quinn"", 'Mike Conley', 'LeBron James', 'Devin Booker', 'Boban Marjanovic', 'Josh Richardson', 'Bryn Forbes', 'James Johnson']","['David Lee', 'Joe Johnson', 'Ricky Rubio', 'Joe Ingles', 'James Johnson', 'Boban Marjanovic', 'LeBron James', 'Willy Hernangomez']",325.20000000000005,305.28556883130227,195.0,178.0,0,0,179,"['Russell Westbrook', 'Joe Johnson', 'James Johnson', 'Patrick Beverley', 'Wesley Matthews', 'Bryn Forbes', 'Gary Harris', 'James Harden', 'Mike Muscala']","['Devin Harris', 'Davis Bertans', 'James Johnson', 'Kyle Lowry', 'Nikola Jokic', 'Trevor Ariza', 'Henry Ellenson', 'James Harden', 'Devin Booker']",349.2,325.965350789763,58700.0,59100.0,0,0,179,"['Dwight Powell', 'Russell Westbrook', 'Jamal Murray', 'Mike Conley', 'Boban Marjanovic', 'Ersan Ilyasova', 'Ricky Rubio', 'Joe Ingles']","['Darren Collison', 'Kris Humphries', 'Nikola Jokic', 'Bryn Forbes', 'Karl-Anthony Towns', 'Josh Richardson', 'Gary Harris', 'Ricky Rubio']",313.5,300.4515616390854,48700.0,48100.0,0,0
2017-04-08,171,"['Zaza Pachulia', 'Aaron Gordon', 'Damian Lillard', 'Bobby Portis', 'Damian Lillard', 'Rondae Hollis-Jefferson', 'Jeremy Lin', 'Jeremy Lamb']","['Timothe Luwawu-Cabarrot', 'Hassan Whiteside', 'Shaun Livingston', 'Giannis Antetokounmpo', 'DeAndre Jordan', 'Myles Turner', 'Aaron Gordon', 'Wayne Ellington']",346.5,293.5602032391355,182.0,198.0,1,0,171,"['CJ McCollum', 'Maurice Harkless', 'Damian Lillard', 'Jordan Crawford', 'Jimmy Butler', 'Hassan Whiteside', 'Al Horford', 'Kawhi Leonard', 'Andre Iguodala']","['Draymond Green', 'Damian Lillard', 'Rondae Hollis-Jefferson', 'Josh Richardson', 'Damian Lillard', 'Lavoy Allen', 'Al Horford', 'Hassan Whiteside', 'Alexis Ajinca']",364.7,372.12212233655157,59700.0,53600.0,0,1,171,"['Jordan Crawford', 'Cody Zeller', 'KJ McDaniels', 'Paul George', 'Kemba Walker', 'James Johnson', 'Nikola Vucevic', 'DeAndre Jordan']","['JaVale McGee', 'Hassan Whiteside', 'Damian Lillard', 'Rondae Hollis-Jefferson', 'Zaza Pachulia', 'Chris Paul', 'Paul George', 'Noah Vonleh']",288.75,321.0841057524085,49500.0,47600.0,0,0
2017-04-06,123,"['Evan Turner', 'Allen Crabbe', 'Bobby Portis', 'Michael Carter-Williams', 'Paul George', 'Andrew Wiggins', 'Bradley Beal', 'Karl-Anthony Towns']","['Khris Middleton', 'Courtney Lee', 'Paul George', 'Nikola Vucevic', 'Sasha Vujacic', 'Jeremy Lin', 'Jeremy Lin', 'Paul Millsap']",289.9,310.2269226498902,198.0,197.0,0,1,123,"['Paul George', 'Gorgui Dieng', 'Jimmy Butler', 'Jeremy Lin', 'Allen Crabbe', 'Elfrid Payton', 'Marcus Smart', 'Carmelo Anthony', 'Courtney Lee']","['Giannis Antetokounmpo', 'Jimmy Butler', 'Allen Crabbe', 'Elfrid Payton', 'Thaddeus Young', 'Shawn Long', 'Ricky Rubio', 'Marcus Smart', 'Andrew Wiggins']",387.0,350.75664943307635,59500.0,59900.0,0,0,123,"['Courtney Lee', 'Taurean Prince', 'Spencer Dinwiddie', 'T.J. McConnell', 'Damian Lillard', 'Karl-Anthony Towns', 'Damian Lillard', 'Mario Hezonja']","['Monta Ellis', 'Jimmy Butler', 'Paul Millsap', 'Taurean Prince', 'Nikola Mirotic', 'Courtney Lee', 'Jeremy Lin', 'Jerian Grant']",292.75,289.899509139359,50000.0,46100.0,1,0
2017-04-09,138,"['Dwight Powell', 'Karl-Anthony Towns', 'Nicolas Brussino', 'Channing Frye', 'Russell Westbrook', 'Darrun Hilliard', 'Danilo Gallinari', 'Mike Dunleavy']","['Kent Bazemore', 'Steven Adams', 'Tyler Ennis', 'Paul Millsap', 'Kyle Lowry', 'Danilo Gallinari', 'Skal Labissiere', 'Karl-Anthony Towns']",334.0,342.3900754138827,191.0,194.0,0,0,138,"['Alex Len', 'Russell Westbrook', 'Danilo Gallinari', 'Dwight Powell', 'Marc Gasol', 'Wilson Chandler', 'Skal Labissiere', 'Tony Allen', 'Ricky Rubio']","['Karl-Anthony Towns', 'Lou Williams', 'Paul Millsap', 'Gorgui Dieng', 'Nikola Jokic', 'Kyle Lowry', 'Channing Frye', 'Wilson Chandler', 'Kyrie Irving']",363.70000000000005,377.30749499071385,58000.0,56800.0,0,0,138,"['Russell Westbrook', 'Mike Muscala', 'Ryan Anderson', 'Alex Len', 'Kyle Lowry', 'Lou Williams', 'LeBron James', 'Kyrie Irving']","['Corey Brewer', 'Kyrie Irving', 'Danilo Gallinari', 'Danilo Gallinari', 'Andre Drummond', 'Skal Labissiere', 'Garrett Temple', 'Karl-Anthony Towns']",383.25,342.61321348696947,49400.0,49900.0,0,1
2017-04-05,158,"['Patrick McCaw', 'LeBron James', 'Blake Griffin', 'Marc Gasol', 'Michael Kidd-Gilchrist', 'Alan Williams', 'JJ Redick', 'Beno Udrih']","['Tyler Ennis', 'Alan Williams', 'Patrick McCaw', 'Hassan Whiteside', 'Stephen Curry', 'Patrick Beverley', 'Goran Dragic', 'James Johnson']",321.7,331.763267749548,193.0,196.0,0,0,158,"['Stephen Curry', 'Iman Shumpert', 'Stephen Curry', 'Devin Booker', 'Nikola Jokic', 'Goran Dragic', 'Nene', 'Jared Dudley', 'Patrick Patterson']","['Tyler Ulis', 'JJ Redick', 'Josh Richardson', 'Alex Len', 'Alan Williams', 'Russell Westbrook', 'Richard Jefferson', 'Davis Bertans', 'James Harden']",383.8999999999999,321.9301204694435,59700.0,58200.0,1,0,158,"['Stephen Curry', 'Marc Gasol', 'Nicolas Batum', 'Alan Williams', 'Nikola Jokic', 'Alan Williams', 'Channing Frye', 'Kyle Anderson']","['Beno Udrih', 'Patrick Beverley', 'DeAndre Jordan', 'Kyle Lowry', 'Nicolas Batum', 'David Lee', 'Tony Allen', 'Stephen Curry']",363.5,305.077177612111,49500.0,49400.0,1,0
2017-04-04,231,"['Jeff Teague', 'Gordon Hayward', 'Georgios Papagiannis', 'Nikola Mirotic', 'DeMarcus Cousins', 'Randy Foye', 'Klay Thompson', 'Shabazz Muhammad']","['Tristan Thompson', 'Carmelo Anthony', 'Shawn Long', 'DeMarcus Cousins', 'Kevin Love', 'Jeff Teague', ""Kyle O'Quinn"", 'Buddy Hield']",302.99999999999994,282.04583850055934,195.0,196.0,0,0,231,"['Jrue Holiday', 'Gordon Hayward', 'DeMarcus Cousins', 'LeBron James', 'Rashad Vaughn', 'Jamal Murray', 'Garrett Temple', 'Richaun Holmes', 'Kevin Love']","['Wilson Chandler', 'Shabazz Muhammad', 'Elfrid Payton', 'Allen Crabbe', 'Thaddeus Young', 'Richaun Holmes', 'Anthony Davis', 'Kemba Walker', 'DeMarcus Cousins']",355.99999999999994,360.48076310250906,59000.0,59900.0,0,0,231,"['Kemba Walker', 'Kevin Love', 'Zach Randolph', 'Bradley Beal', 'DeMarre Carroll', 'Jrue Holiday', 'Thon Maker', 'Nikola Mirotic']","['Kevin Love', 'Randy Foye', 'Kyrie Irving', 'Cody Zeller', 'Klay Thompson', 'Pau Gasol', 'DeMarcus Cousins', 'Andre Roberson']",297.0,320.34871815517545,48700.0,49400.0,0,0
2017-04-03,18,"['Noah Vonleh', 'Karl-Anthony Towns', 'Al-Farouq Aminu', 'Maurice Harkless', 'Gorgui Dieng', 'Damian Lillard', 'Brandon Rush', 'Shabazz Muhammad']","['Al-Farouq Aminu', 'Gorgui Dieng', 'Noah Vonleh', 'Karl-Anthony Towns', 'Andrew Wiggins', 'Ricky Rubio', 'Omri Casspi', 'Al-Farouq Aminu']",269.99999999999994,267.60606713593006,175.0,189.0,0,1,18,"['Al-Farouq Aminu', 'Brandon Rush', 'Karl-Anthony Towns', 'Damian Lillard', 'Maurice Harkless', 'Gorgui Dieng', 'CJ McCollum', 'Ricky Rubio', 'Tyus Jones']","['CJ McCollum', 'Brandon Rush', 'Noah Vonleh', 'Karl-Anthony Towns', 'Evan Turner', 'Ricky Rubio', 'Damian Lillard', 'Andrew Wiggins', 'Noah Vonleh']",312.09999999999997,309.9794209487737,57000.0,57800.0,0,1,18,"['Andrew Wiggins', 'Al-Farouq Aminu', 'Allen Crabbe', 'Ricky Rubio', 'Andrew Wiggins', 'Noah Vonleh', 'Brandon Rush', 'Karl-Anthony Towns']","['Al-Farouq Aminu', 'Brandon Rush', 'Karl-Anthony Towns', 'Maurice Harkless', 'Ricky Rubio', 'Damian Lillard', 'Al-Farouq Aminu', 'Shabazz Muhammad']",278.75,286.716007983312,49500.0,48100.0,1,1
2017-04-12,292,"['Larry Nance Jr.', 'Gary Payton II', 'Blake Griffin', 'Paul Zipser', 'DeAndre Jordan', 'Kris Dunn', 'Hassan Whiteside', 'Nikola Jokic']","['Nikola Jokic', 'Jimmy Butler', 'James Michael McAdoo', 'Myles Turner', 'Buddy Hield', 'Jamal Murray', 'Clint Capela', 'Nik Stauskas']",355.7,332.84977154843506,202.0,188.0,0,0,292,"['Karl-Anthony Towns', 'Elfrid Payton', 'Cheick Diallo', 'Jamal Murray', 'Darrell Arthur', 'DeAndre Jordan', 'Aaron Gordon', 'Larry Nance Jr.', 'Patty Mills']","['Trevor Ariza', 'Kawhi Leonard', 'Rudy Gobert', 'Stephen Curry', 'Willie Cauley-Stein', 'Langston Galloway', 'Andre Drummond', 'Alex Poythress', 'Patrick Beverley']",380.09999999999997,298.5890693616122,52600.0,55300.0,0,0,292,"['James Michael McAdoo', 'Aaron Gordon', 'James Harden', 'Rondae Hollis-Jefferson', 'Aaron Gordon', 'Mario Hezonja', 'Devin Harris', 'Karl-Anthony Towns']","['Shabazz Napier', 'Alex Poythress', 'Archie Goodwin', 'Larry Nance Jr.', 'Stephen Curry', 'Aaron Gordon', 'DeAndre Jordan', 'Jamal Murray']",344.75,316.4539860859513,48900.0,44900.0,1,0
2017-04-10,188,"['Giannis Antetokounmpo', 'Jae Crowder', 'Kevin Durant', 'Rondae Hollis-Jefferson', 'Greg Monroe', 'Tony Parker', 'Timothe Luwawu-Cabarrot', 'Myles Turner']","['Joe Johnson', 'Myles Turner', 'David Lee', 'Chris Paul', 'Tyler Johnson', 'Rudy Gobert', 'Nicolas Batum', 'Nicolas Batum']",303.6,307.2473103620112,200.0,197.0,0,1,188,"['Deron Williams', 'Boris Diaw', 'Rondae Hollis-Jefferson', 'Kevin Durant', 'Kevin Seraphin', 'Joe Johnson', 'Myles Turner', 'Shabazz Napier', 'Nikola Vucevic']","['Stephen Curry', 'Kevin Durant', 'Deron Williams', 'Joe Ingles', 'Josh Richardson', 'Joe Johnson', 'Hassan Whiteside', 'Tobias Harris', 'Al Horford']",350.0,353.74618272446094,44600.0,55900.0,0,0,188,"['Josh Richardson', 'Robin Lopez', 'Shabazz Napier', 'Kevin Durant', 'Bradley Beal', 'Nikola Mirotic', 'Deron Williams', 'Myles Turner']","['Thaddeus Young', 'Giannis Antetokounmpo', 'Deron Williams', 'Robin Lopez', 'Jeremy Lin', 'Greg Monroe', 'Timothe Luwawu-Cabarrot', 'Avery Bradley']",337.25,285.1728921197355,45700.0,49000.0,0,0
2017-04-11,97,"['Tyler Ulis', 'Tyler Ulis', 'Alexis Ajinca', 'Tyler Ulis', 'Ty Lawson', 'Gorgui Dieng', 'Metta World Peace', 'Gary Harris']","['Metta World Peace', 'Tyler Ulis', 'Dwight Howard', 'Jamal Murray', 'Victor Oladipo', 'Gorgui Dieng', 'Marquese Chriss', 'Andrew Wiggins']",324.5,277.7547592271119,154.0,172.0,2,0,97,"['Tarik Black', 'Ben McLemore', 'Ty Lawson', 'Buddy Hield', 'Willie Cauley-Stein', 'Anthony Tolliver', 'Karl-Anthony Towns', 'Gary Harris', 'Tyler Ulis']","['Jordan Crawford', 'Marquese Chriss', 'J.J. Barea', 'Gorgui Dieng', 'Karl-Anthony Towns', 'Metta World Peace', 'Ricky Rubio', 'Dwight Howard', 'Andrew Wiggins']",332.50000000000006,312.37242676094166,51400.0,56300.0,0,0,97,"['Ty Lawson', 'Marquese Chriss', 'Victor Oladipo', 'Dwight Howard', 'Gorgui Dieng', 'Buddy Hield', 'Tyler Ulis', 'Ty Lawson']","['Ty Lawson', 'Brandon Ingram', 'Marquese Chriss', 'Dirk Nowitzki', 'Gary Harris', 'Tyler Ulis', 'Dwight Howard', 'Victor Oladipo']",342.25,306.0735732279718,47000.0,45600.0,1,0
