date,fanduel_player_pool_count,fanduel_historical_players,fanduel_predicted_players,fanduel_historical_points,fanduel_predicted_points,fanduel_predicted_lineup_historical_points,fanduel_historical_salary,fanduel_predicted_salary,fanduel_historical_duplicates,fanduel_predicted_duplicates,fanduel_overlap_players,fanduel_overlap_count,fanduel_overlap_historical_points,fanduel_overlap_predicted_points
2023-01-11,168,"['Keegan Murray', 'Miles McBride', ""De'Aaron Fox"", 'Quentin Grimes', 'Delon Wright', 'Jayson Tatum', 'Zach LaVine', 'Jakob Poeltl', 'Tre Jones']","['Immanuel Quickley', 'Rui Hachimura', 'James Johnson', 'CJ McCollum', 'Buddy Hield', 'Steven Adams', 'RJ Barrett', 'Jaren Jackson Jr.', 'Brook Lopez']",323.99999999999994,291.25353737175465,329.49999999999994,59100.0,58600.0,0,0,[],0,0.0,0.0
2023-01-12,116,"['Shai Gilgeous-Alexander', 'Jevon Carter', 'T.J. Warren', 'Damian Lillard', 'Matisse Thybulle', 'Pascal Siakam', 'Gabe Vincent', 'Kenrich Williams', 'Darius Garland']","['Isaac Okoro', 'Sam Hauser', 'T.J. Warren', 'Scottie Barnes', 'Gabe Vincent', 'Christian Wood', 'Bobby Portis', 'LeBron James', 'Nic Claxton']",331.7,278.49061076380315,339.1,58500.0,56900.0,0,0,"['T.J. Warren', 'Gabe Vincent']",2,70.3,47.27712909430265
2023-01-14,145,"['Victor Oladipo', 'James Harden', 'Pat Connaughton', 'Dejounte Murray', 'Precious Achiuwa', 'Onyeka Okongwu', 'P.J. Washington', 'Chris Boucher', 'Dejounte Murray']","['Isaiah Jackson', 'Desmond Bane', 'Kyle Anderson', 'Jaylen Nowell', 'Spencer Dinwiddie', 'LaMelo Ball', 'Jarred Vanderbilt', 'John Collins', 'Scottie Barnes']",314.4,292.28335047159345,314.4,58500.0,59200.0,1,0,[],0,0.0,0.0
2023-01-16,175,"['Jose Alvarado', 'Anthony Edwards', 'Draymond Green', 'Jaren Jackson Jr.', 'Lamar Stevens', 'Jordan Poole', 'Bogdan Bogdanovic', 'Monte Morris', 'Alperen Sengun']","['Bogdan Bogdanovic', 'Chris Boucher', 'Trae Young', 'T.J. McConnell', 'Alperen Sengun', 'Mikal Bridges', 'Draymond Green', 'Anthony Lamb', 'Darius Garland']",369.90000000000003,317.1988828431815,373.59999999999997,57700.0,58200.0,0,0,"['Draymond Green', 'Alperen Sengun', 'Bogdan Bogdanovic']",3,138.9,109.9887519992888
2023-01-21,139,"['T.J. McConnell', 'Markelle Fultz', 'Anthony Edwards', 'Bismack Biyombo', 'Alperen Sengun', 'Taurean Prince', 'Gary Trent Jr.', 'P.J. Washington', 'Josh Okogie']","['Malcolm Brogdon', 'Pascal Siakam', 'Anthony Edwards', 'Rui Hachimura', 'Harrison Barnes', 'Bennedict Mathurin', 'Derrick White', 'Daniel Gafford', 'Malik Monk']",426.69999999999993,307.7273537836969,343.9,57200.0,56000.0,0,0,['Anthony Edwards'],1,70.2,56.929422640800475
2023-01-23,165,"['Saddiq Bey', 'Jalen Duren', 'Jevon Carter', 'Lauri Markkanen', ""De'Aaron Fox"", 'Anthony Edwards', 'Eric Gordon', 'Jalen Duren', 'Keegan Murray']","['Jaden McDaniels', 'Brook Lopez', 'Bobby Portis', 'Trae Young', 'Jevon Carter', 'Bojan Bogdanovic', ""D'Angelo Russell"", 'Eric Gordon', 'Jusuf Nurkic']",374.6,288.4771319694817,326.49999999999994,58300.0,58200.0,1,0,"['Eric Gordon', 'Jevon Carter']",2,64.9,61.12567405700683
2023-02-10,229,"['P.J. Washington', 'Brandon Ingram', 'JaVale McGee', 'Jarrett Allen', 'Evan Mobley', ""Devonte' Graham"", 'Donovan Mitchell', 'Jimmy Butler', 'Gordon Hayward']","['James Harden', 'Taurean Prince', 'Evan Mobley', 'Isaiah Livers', 'Derrick White', 'Jalen Duren', 'Damian Lillard', 'Georges Niang', 'Terry Rozier']",346.9,332.7700275262818,400.09999999999997,58800.0,60000.0,0,0,['Evan Mobley'],1,61.6,51.87196955084801
2023-02-16,63,"['Jrue Holiday', 'Taurean Prince', 'Bradley Beal', 'Terrence Ross', 'Anthony Edwards', 'Brook Lopez', 'Rudy Gobert', 'Patrick Williams', 'Delon Wright']","['Jevon Carter', 'Daniel Gafford', 'Kyle Kuzma', 'Rudy Gobert', 'Deni Avdija', 'Brook Lopez', 'Delon Wright', 'Taurean Prince', 'Eric Gordon']",350.09999999999997,273.8960019767284,306.20000000000005,,53300.0,0,0,"['Brook Lopez', 'Delon Wright', 'Rudy Gobert', 'Taurean Prince']",4,152.4,119.41065430492162
2023-02-24,174,"[""De'Aaron Fox"", 'Frank Kaminsky', 'Malik Monk', 'Onyeka Okongwu', 'Kawhi Leonard', 'TyTy Washington Jr.', 'Paul George', 'Naz Reid', 'Malik Monk']","['Jarrett Allen', 'Jrue Holiday', ""De'Aaron Fox"", 'Onyeka Okongwu', 'Nicolas Batum', 'Norman Powell', 'Deni Avdija', 'Harrison Barnes', 'Josh Giddey']",420.3,293.1145130870864,329.0,57300.0,59300.0,1,0,"[""De'Aaron Fox"", 'Onyeka Okongwu']",2,121.2,86.81245605330915
2023-02-28,213,"['Mike Conley', 'Clint Capela', 'Jalen Williams', 'Reggie Jackson', 'Khris Middleton', 'Jarred Vanderbilt', 'Tyrese Haliburton', 'Myles Turner', 'Scottie Barnes']","['PJ Dozier', 'Alperen Sengun', 'Jakob Poeltl', 'Ja Morant', 'Draymond Green', 'Mikal Bridges', 'Giannis Antetokounmpo', 'Reggie Jackson', 'Jalen Williams']",350.8,301.703925867565,348.70000000000005,59400.0,,0,0,"['Reggie Jackson', 'Jalen Williams']",2,76.0,68.31701900772751
2023-03-01,189,"['Seth Curry', ""Day'Ron Sharpe"", 'Dillon Brooks', 'Jaxson Hayes', 'Robert Williams III', 'Jalen Williams', 'Devin Booker', 'Jayson Tatum', 'Dennis Schroder']","['Jalen Green', 'Dennis Smith Jr.', 'Quentin Grimes', 'Josh Giddey', 'Cam Thomas', 'Troy Brown Jr.', 'Jaren Jackson Jr.', 'Brandon Clarke', 'Devin Booker']",336.9,271.7324953194708,304.3,55900.0,58600.0,0,0,['Devin Booker'],1,59.7,41.3878256957978
2023-03-05,197,"['Austin Reaves', 'Kawhi Leonard', 'Jerami Grant', 'Al Horford', 'Bol Bol', 'Tyus Jones', 'Mason Plumlee', 'Jalen Suggs', 'Immanuel Quickley']","['Mike Muscala', 'Bennedict Mathurin', 'Jalen Green', 'Nassir Little', 'Jaylen Brown', 'Bradley Beal', 'Grant Williams', 'Shai Gilgeous-Alexander', 'Moritz Wagner']",409.30000000000007,259.02142811790105,302.69999999999993,55900.0,58700.0,0,0,[],0,0.0,0.0
2023-03-14,171,"['Seth Curry', 'Devin Vassell', 'Trendon Watford', 'Brook Lopez', 'Terry Rozier', 'Caris LeVert', 'Herbert Jones', 'Brandon Ingram', 'Austin Reaves']","['Caris LeVert', 'Bradley Beal', 'Markelle Fultz', 'Darius Garland', 'Jalen Williams', 'Cam Reddish', 'Trendon Watford', 'Jaylin Williams', 'Josh Okogie']",305.6,281.89115158990023,313.59999999999997,59000.0,59200.0,0,0,"['Trendon Watford', 'Caris LeVert']",2,84.5,68.34547437764704
2023-03-16,107,"['T.J. McConnell', 'Gary Trent Jr.', 'Jrue Holiday', 'Jordan Nwora', 'Spencer Dinwiddie', 'Trey Lyles', 'Oshae Brissett', 'Domantas Sabonis', 'Andrew Nembhard']","['Bobby Portis', 'Cameron Johnson', 'Josh Okogie', 'Bruce Brown', 'Andrew Nembhard', 'George Hill', 'Scottie Barnes', 'Domantas Sabonis', 'Eugene Omoruyi']",319.9,267.9112357914448,311.3,58500.0,57400.0,0,0,"['Domantas Sabonis', 'Andrew Nembhard']",2,97.4,71.90276645384728
2023-03-29,203,"['Alperen Sengun', 'P.J. Tucker', 'Jrue Holiday', 'Jrue Holiday', 'Kevin Porter Jr.', 'Kevin Porter Jr.', 'Joe Harris', 'Cameron Johnson', 'Tyrese Maxey']","['Quentin Grimes', 'Jrue Holiday', 'Jalen Smith', 'Aaron Wiggins', 'Tre Jones', 'Jalen Williams', 'James Harden', 'Cameron Johnson', 'Coby White']",406.29999999999995,317.29740252736957,388.59999999999997,59300.0,56800.0,2,0,"['Cameron Johnson', 'Jrue Holiday']",2,123.5,97.03477561473846
2023-01-13,180,"['Domantas Sabonis', 'Jordan Poole', 'Zach LaVine', 'Kevin Knox II', 'T.J. McConnell', 'Hamidou Diallo', 'Kyle Kuzma', 'Wendell Carter Jr.', 'Kentavious Caldwell-Pope']","['Anthony Edwards', 'Josh Richardson', 'Onyeka Okongwu', 'Jalen Brunson', 'Kyle Kuzma', 'Wendell Carter Jr.', 'Jordan Clarkson', 'Naz Reid', 'Taurean Prince']",363.9,292.065268933773,386.59999999999997,59100.0,59800.0,0,0,"['Wendell Carter Jr.', 'Kyle Kuzma']",2,102.4,72.59780810773373
2023-01-18,185,"['Mason Plumlee', 'Trevelin Queen', 'Alperen Sengun', 'Christian Wood', 'Kyle Kuzma', 'Oshae Brissett', 'Steven Adams', 'Darius Garland', 'Monte Morris']","['Gabe Vincent', 'Steven Adams', 'P.J. Washington', 'Norman Powell', 'Mike Conley', 'Alperen Sengun', 'Trae Young', 'Jaren Jackson Jr.', 'Caleb Martin']",369.5,291.98296989277003,346.4,59100.0,59500.0,0,0,"['Alperen Sengun', 'Steven Adams']",2,86.4,68.00365000069141
2023-01-20,189,"['Franz Wagner', 'Keegan Murray', 'Cole Anthony', 'Mike Conley', 'Dennis Schroder', 'Bam Adebayo', 'CJ McCollum', 'Jamal Murray', 'DeAndre Jordan']","[""De'Andre Hunter"", 'Bennedict Mathurin', 'Domantas Sabonis', 'Michael Porter Jr.', 'Kyrie Irving', 'Jakob Poeltl', 'Kendrick Nunn', 'Thomas Bryant', 'Victor Oladipo']",360.29999999999995,277.4704484136775,307.2,57100.0,59500.0,0,0,[],0,0.0,0.0
2023-01-25,204,"['Wendell Carter Jr.', 'Tre Jones', 'Bones Hyland', 'Jordan Poole', 'Klay Thompson', 'Chris Duarte', ""D'Angelo Russell"", 'Ja Morant', 'Zach Collins']","['JaMychal Green', 'Dennis Schroder', 'Kendrick Nunn', 'Ja Morant', 'Pascal Siakam', 'Josh Richardson', 'Chris Duarte', 'Tyrese Maxey', 'Ja Morant']",319.29999999999995,309.1243007160723,357.00000000000006,58500.0,59800.0,0,1,"['Ja Morant', 'Chris Duarte']",2,97.69999999999999,78.44615394249558
2023-01-28,219,"['Kawhi Leonard', 'Yuta Watanabe', 'Chris Paul', 'Saben Lee', 'Jeremy Sochan', 'Kawhi Leonard', 'Jerami Grant', 'Nikola Vucevic', 'Malik Beasley']","['Moritz Wagner', 'Zeke Nnaji', 'Anthony Edwards', 'Kendrick Nunn', 'Dejounte Murray', 'Kawhi Leonard', 'Chris Paul', 'Patty Mills', 'Harrison Barnes']",366.70000000000005,265.86100830901415,309.7,59700.0,58800.0,1,0,"['Chris Paul', 'Kawhi Leonard']",2,115.5,94.59744856357574
2023-01-30,163,"['Yuta Watanabe', 'Bogdan Bogdanovic', 'Keita Bates-Diop', 'Markelle Fultz', 'Luka Doncic', 'Georges Niang', 'Harrison Barnes', 'Joel Embiid', 'Keita Bates-Diop']","['Max Christie', 'Deni Avdija', 'Dorian Finney-Smith', 'Russell Westbrook', 'Dejounte Murray', 'Bradley Beal', 'Chris Paul', 'Mikal Bridges', 'Damian Jones']",336.6,258.52518761921675,304.40000000000003,59100.0,58000.0,1,0,[],0,0.0,0.0
2023-02-01,170,"['Shake Milton', 'James Harden', 'Tari Eason', 'Eric Gordon', 'Tobias Harris', 'Xavier Tillman', 'Naz Reid', 'Derrick White', 'Damian Lillard']","['Drew Eubanks', 'Lauri Markkanen', 'Gary Trent Jr.', 'Austin Rivers', 'Fred VanVleet', 'Dejounte Murray', 'Walker Kessler', 'Cam Thomas', 'Harrison Barnes']",365.29999999999995,316.725935469754,357.8,56200.0,57100.0,0,0,[],0,0.0,0.0
2023-02-03,164,"['Fred VanVleet', ""De'Anthony Melton"", 'Buddy Hield', 'Saddiq Bey', 'Chris Boucher', 'Trendon Watford', ""D'Angelo Russell"", 'LaMelo Ball', 'Keita Bates-Diop']","['Jaden Ivey', 'Anfernee Simons', 'Kyle Kuzma', 'John Collins', 'Jordan Clarkson', 'Josh Richardson', 'Domantas Sabonis', ""De'Andre Hunter"", 'Isaiah Stewart']",351.1,277.54832864701746,330.5,57200.0,58400.0,0,0,[],0,0.0,0.0
2023-02-04,176,"['Anthony Davis', 'Dejounte Murray', 'Draymond Green', 'McKinley Wright IV', 'Dorian Finney-Smith', 'Shai Gilgeous-Alexander', 'Yuta Watanabe', 'Saddiq Bey', 'Jericho Sims']","['Isaiah Stewart', 'Josh Giddey', 'Paul George', 'Edmond Sumner', 'CJ McCollum', 'Dejounte Murray', 'Khris Middleton', 'Jalen Brunson', 'Isaiah Hartenstein']",343.79999999999995,315.1970931738615,389.2,59900.0,60000.0,0,0,['Dejounte Murray'],1,53.8,44.48980567455292
2023-02-07,123,"['Jonas Valanciunas', 'Herbert Jones', 'Jaren Jackson Jr.', 'Josh Giddey', 'Jalen Williams', 'Deandre Ayton', 'Michael Porter Jr.', 'Vlatko Cancar', 'CJ McCollum']","['Jalen Williams', 'Cam Thomas', 'Jonathan Isaac', 'LeBron James', 'Desmond Bane', 'Aaron Gordon', 'Troy Brown Jr.', 'Markelle Fultz', 'Immanuel Quickley']",368.5,289.58671187646684,358.70000000000005,59400.0,57300.0,0,0,['Jalen Williams'],1,54.4,33.20928515195847
2023-02-09,75,"['Josh Okogie', 'Josh Okogie', 'Trae Young', 'Jalen Johnson', 'Nikola Jokic', 'Damion Lee', 'Aaron Gordon', 'Clint Capela', 'Aaron Gordon']","['Dejounte Murray', 'Josh Okogie', 'Joe Harris', 'Wendell Carter Jr.', 'Spencer Dinwiddie', 'Nikola Vucevic', 'Ish Wainright', 'Coby White', 'Aaron Gordon']",403.40000000000003,284.7951461240649,347.3,57700.0,55600.0,2,0,"['Aaron Gordon', 'Josh Okogie']",2,107.4,71.80985698401928
2023-02-11,186,"['JaMychal Green', 'Jimmy Butler', 'Patrick Williams', ""Devonte' Graham"", ""D'Angelo Russell"", 'Daniel Gafford', 'Jordan Clarkson', 'Jordan Poole', 'Jordan Poole']","[""Devonte' Graham"", 'Cameron Johnson', 'Jordan Clarkson', 'Trae Young', 'Jordan Poole', 'Josh Hart', 'Moritz Wagner', 'Clint Capela', ""De'Aaron Fox""]",320.2,298.5059945181012,355.5,57700.0,59800.0,1,0,"[""Devonte' Graham"", 'Jordan Clarkson', 'Jordan Poole']",3,111.1,106.67009859271349
2023-02-13,226,"['Gordon Hayward', 'Jeremiah Robinson-Earl', 'Markelle Fultz', 'Wendell Carter Jr.', 'Jalen Williams', 'Jaden McDaniels', 'Tyrese Haliburton', 'Tyrese Haliburton', 'Josh Richardson']","['Jarred Vanderbilt', 'LaMelo Ball', 'Tyrese Haliburton', 'Gary Harris', 'Paolo Banchero', 'Gabe Vincent', 'Christian Wood', 'Matisse Thybulle', 'Tyrese Haliburton']",366.49999999999994,312.564484706521,358.5,56900.0,59000.0,1,1,['Tyrese Haliburton'],1,60.2,49.60413053035736
2023-02-15,212,"['Jeff Green', 'Keita Bates-Diop', 'Zach LaVine', 'Dennis Smith Jr.', 'Aaron Nesmith', 'P.J. Washington', 'Buddy Hield', 'Luka Doncic', 'Malcolm Brogdon']","['Malaki Branham', 'Danny Green', 'Zach LaVine', 'Aaron Nesmith', 'Darius Garland', 'CJ McCollum', 'Charles Bassey', 'Desmond Bane', 'Anthony Davis']",372.70000000000005,314.04754293300215,359.0,57400.0,59000.0,0,0,"['Aaron Nesmith', 'Zach LaVine']",2,98.6,87.85125701762736
2023-02-26,188,"['Naz Reid', 'Nikola Jokic', 'Evan Mobley', 'Jarred Vanderbilt', 'Dalano Banton', 'Zach LaVine', 'Jabari Smith Jr.', 'Coby White', 'Daniel Gafford']","['Nikola Jokic', 'Zach LaVine', 'Tari Eason', 'Dennis Schroder', 'Trey Lyles', 'Drew Eubanks', 'Coby White', 'Dwight Powell', 'Donovan Mitchell']",367.40000000000003,274.28182437904184,338.79999999999995,57200.0,59200.0,0,0,"['Coby White', 'Nikola Jokic', 'Zach LaVine']",3,144.9,102.72692564204335
2023-03-03,212,"['Jamal Murray', 'Paolo Banchero', 'Dorian Finney-Smith', 'Eric Gordon', 'Rudy Gobert', 'Dorian Finney-Smith', ""De'Aaron Fox"", 'Paul George', 'Damian Jones']","['Russell Westbrook', 'Chris Paul', 'Jalen Williams', 'Cam Reddish', 'Jamal Murray', 'Marcus Smart', 'Al Horford', 'Dorian Finney-Smith', 'Josh Hart']",371.09999999999997,280.7069682270288,333.4,59200.0,58600.0,1,0,"['Dorian Finney-Smith', 'Jamal Murray']",2,82.8,68.7664400268346
2023-03-11,194,"['Stephen Curry', 'James Johnson', 'Derrick White', 'Kawhi Leonard', 'Walker Kessler', 'Kevon Looney', 'Isaiah Livers', 'Kelly Oubre Jr.', 'Jalen Smith']","['Donte DiVincenzo', 'Brook Lopez', 'Luguentz Dort', 'JaMychal Green', 'Jimmy Butler', 'Alex Caruso', 'DeMar DeRozan', 'Nick Richards', 'Paolo Banchero']",370.1,300.88659118209034,339.40000000000003,58900.0,58800.0,0,0,[],0,0.0,0.0
2023-03-13,150,"['Draymond Green', 'Rodney McGruder', 'Mike Conley', 'Jalen Duren', 'Jimmy Butler', 'Kevin Porter Jr.', 'Kyle Anderson', 'Oshae Brissett', 'Khris Middleton']","['Eugene Omoruyi', 'Kris Dunn', 'Jabari Smith Jr.', 'Dillon Brooks', ""De'Aaron Fox"", 'Cory Joseph', 'Jimmy Butler', 'Bam Adebayo', 'Rodney McGruder']",357.80000000000007,291.4103092644363,356.70000000000005,57700.0,58300.0,0,0,"['Rodney McGruder', 'Jimmy Butler']",2,85.6,65.4833647236228
2023-03-17,168,"['DeMar DeRozan', 'Ricky Rubio', 'Trae Young', 'Kevon Looney', 'Herbert Jones', 'Monte Morris', 'Austin Reaves', 'Jonas Valanciunas', 'Tyus Jones']","['Kevon Looney', 'Devin Vassell', 'Desmond Bane', 'Kyrie Irving', 'Onyeka Okongwu', 'Jalen Green', 'Luke Kornet', 'Cam Reddish', 'Jaren Jackson Jr.']",379.79999999999995,311.1723991349339,369.6,59200.0,59900.0,0,0,['Kevon Looney'],1,53.7,37.29368244409561
2023-03-19,155,"['Rui Hachimura', 'Bismack Biyombo', 'Anfernee Simons', 'Chris Paul', 'Austin Reaves', 'Jusuf Nurkic', 'Devin Booker', 'Michael Porter Jr.', 'Wendell Carter Jr.']","['John Collins', 'Caleb Martin', 'Terance Mann', 'AJ Griffin', 'Onyeka Okongwu', 'Giannis Antetokounmpo', 'Devin Vassell', 'Cameron Johnson', 'Fred VanVleet']",345.50000000000006,254.02748717032372,318.00000000000006,59800.0,58600.0,0,0,[],0,0.0,0.0
2023-03-21,131,"['Paul George', 'Sandro Mamukelashvili', 'Deni Avdija', 'Caris LeVert', 'Isaiah Joe', 'Spencer Dinwiddie', 'Marvin Bagley III', 'Monte Morris', 'Kristaps Porzingis']","['Corey Kispert', 'Marvin Bagley III', 'Paolo Banchero', 'Derrick White', ""Day'Ron Sharpe"", ""Royce O'Neale"", 'Nic Claxton', 'Russell Westbrook', 'Josh Giddey']",340.59999999999997,268.1167228879407,329.3,58400.0,56300.0,0,0,['Marvin Bagley III'],1,57.1,41.41384134739637
2023-03-22,208,"[""De'Anthony Melton"", 'Kevin Porter Jr.', 'Trendon Watford', 'Shaedon Sharpe', 'Julian Champagnie', 'Jalen Brunson', 'Deni Avdija', 'Trae Young', 'Gorgui Dieng']","['Shaedon Sharpe', 'Matisse Thybulle', 'Jaren Jackson Jr.', 'Draymond Green', 'Tyrese Maxey', 'Brook Lopez', 'RJ Barrett', 'Bobby Portis', 'Kevin Porter Jr.']",327.2,308.9143220987171,344.0,54900.0,59900.0,0,0,"['Shaedon Sharpe', 'Kevin Porter Jr.']",2,91.3,73.97535334303976
2023-03-25,138,"['CJ McCollum', 'Kelly Olynyk', 'Josh Richardson', 'Ochai Agbaji', 'Kevin Huerter', 'Bismack Biyombo', 'Juan Toscano-Anderson', 'Walker Kessler', 'Tyrese Maxey']","['Tyrese Maxey', 'Shake Milton', 'John Collins', 'Jimmy Butler', 'Nic Claxton', 'Bismack Biyombo', 'Khris Middleton', 'Isaiah Jackson', 'T.J. Warren']",349.0,270.6856801316143,319.7,54900.0,57100.0,0,0,"['Bismack Biyombo', 'Tyrese Maxey']",2,100.5,67.79503319859505
2023-03-26,191,"['Mikal Bridges', 'Xavier Cooks', 'Fred VanVleet', 'Markelle Fultz', 'Troy Brown Jr.', 'Drew Eubanks', 'Jarrett Allen', 'Sandro Mamukelashvili', 'Stephen Curry']","['Malcolm Brogdon', 'Zach LaVine', 'Clint Capela', 'Andre Drummond', 'Klay Thompson', 'Drew Eubanks', 'Al Horford', 'Jeremiah Robinson-Earl', 'Luka Doncic']",348.1,276.49953934513036,346.4,60000.0,59900.0,0,0,['Drew Eubanks'],1,43.0,31.24903621673584
2023-03-31,273,"['Isaiah Hartenstein', 'Domantas Sabonis', ""De'Anthony Melton"", 'Xavier Tillman', 'Desmond Bane', 'Paolo Banchero', 'Markelle Fultz', 'PJ Dozier', 'Andre Drummond']","['Ochai Agbaji', 'Saddiq Bey', 'Jalen Green', 'Domantas Sabonis', 'Paolo Banchero', 'Jalen Brunson', 'Coby White', 'Danuel House Jr.', 'Malcolm Brogdon']",332.29999999999995,302.9843793846667,340.90000000000003,59400.0,59400.0,0,0,"['Paolo Banchero', 'Domantas Sabonis']",2,107.8,94.05927855446934
2023-01-15,163,"['Eric Gordon', 'Bruce Brown', 'Aaron Gordon', 'Cole Anthony', 'Josh Giddey', 'Keldon Johnson', 'Alex Caruso', 'Tre Jones', 'LeBron James']","['Isaiah Stewart', 'Josh Hart', 'Christian Wood', 'Damian Lillard', 'Jalen Brunson', 'Tobias Harris', 'Tari Eason', 'Moses Brown', 'Jaden Ivey']",349.4,269.1352234095335,311.7,59900.0,59400.0,0,0,[],0,0.0,0.0
2023-01-17,89,"['Fred VanVleet', 'Tobias Harris', 'Tobias Harris', 'Damian Lillard', 'Keldon Johnson', 'Seth Curry', 'Keldon Johnson', 'Joe Ingles', 'Brook Lopez']","['Tyrese Maxey', 'Nikola Jokic', 'Tobias Harris', 'Edmond Sumner', 'Aaron Gordon', 'Damian Lillard', 'Georges Niang', 'Grayson Allen', 'Keldon Johnson']",431.99999999999994,298.8005263966508,369.8,58200.0,59300.0,2,0,"['Keldon Johnson', 'Tobias Harris', 'Damian Lillard']",3,169.5,127.61238266900182
2023-01-22,132,"['Fred VanVleet', 'Thomas Bryant', 'Pascal Siakam', 'Chris Paul', 'Aaron Gordon', 'Josh Hart', ""Devonte' Graham"", 'Anfernee Simons', 'Joe Harris']","['Dyson Daniels', 'Victor Oladipo', 'LeBron James', 'Thomas Bryant', ""Royce O'Neale"", 'Mikal Bridges', 'Ben Simmons', 'Kyle Lowry', 'Torrey Craig']",351.5,303.9249352678657,339.8,58400.0,57700.0,0,0,['Thomas Bryant'],1,52.3,35.9056576192379
2023-01-24,141,"['Kawhi Leonard', 'Max Strus', 'Donovan Mitchell', 'Derrick White', 'Bismack Biyombo', 'Isaac Okoro', 'Paul George', 'Donovan Mitchell', 'Torrey Craig']","['LeBron James', 'Jayson Tatum', 'Deni Avdija', 'Payton Pritchard', 'Jalen McDaniels', 'Bradley Beal', 'Dwight Powell', 'Herbert Jones', 'Immanuel Quickley']",357.6,304.18474441654985,342.29999999999995,59700.0,59800.0,1,0,[],0,0.0,0.0
2023-01-31,94,"['Kawhi Leonard', 'Zach LaVine', 'Nikola Vucevic', 'Immanuel Quickley', 'Brook Lopez', 'Russell Westbrook', 'LaMelo Ball', 'Quentin Grimes', 'Larry Nance Jr.']","['Jamal Murray', 'Herbert Jones', 'Jalen Brunson', 'Norman Powell', 'Zach LaVine', 'LaMelo Ball', 'Larry Nance Jr.', 'Jarrett Allen', 'Russell Westbrook']",411.4,355.3464550789446,410.4,59700.0,59100.0,0,0,"['Russell Westbrook', 'Zach LaVine', 'LaMelo Ball', 'Larry Nance Jr.']",4,193.2,177.42183080241085
2023-03-06,116,"['Bogdan Bogdanovic', 'Jakob Poeltl', 'Tyrese Haliburton', 'Chimezie Metu', 'Jaylen Brown', 'Aaron Gordon', 'R.J. Hampton', 'Evan Mobley', 'R.J. Hampton']","['Caris LeVert', 'R.J. Hampton', 'Jimmy Butler', 'James Wiseman', ""De'Andre Hunter"", 'Fred VanVleet', 'Jaden Ivey', 'Donovan Mitchell', 'Jonas Valanciunas']",361.5,269.8548199500888,351.0,59200.0,59600.0,1,0,['R.J. Hampton'],1,32.3,23.645518396049734
2023-03-08,148,"['Trey Murphy III', 'Zach LaVine', 'Tim Hardaway Jr.', 'Dyson Daniels', 'Derrick White', 'Patrick Williams', 'Chris Paul', 'Evan Mobley', 'Bradley Beal']","['Jarrett Allen', 'Ricky Rubio', 'Tyler Herro', 'Dejounte Murray', 'Chris Paul', 'Terrence Ross', 'Kyle Kuzma', 'Kentavious Caldwell-Pope', 'Jakob Poeltl']",326.7,284.9609299436212,310.99999999999994,57300.0,59800.0,0,0,['Chris Paul'],1,47.3,34.505856638401745
2023-03-10,112,"['Jakob Poeltl', 'Aaron Gordon', ""D'Angelo Russell"", ""De'Andre Hunter"", 'Spencer Dinwiddie', 'Anfernee Simons', 'Jamal Murray', 'Ricky Rubio', 'Dorian Finney-Smith']","['Wenyen Gabriel', 'Mike Conley', 'Monte Morris', 'Will Barton', 'Scottie Barnes', 'Rudy Gobert', 'Jamal Murray', 'Anthony Edwards', 'Spencer Dinwiddie']",346.2,336.1553929194808,376.1,59400.0,59700.0,0,0,"['Spencer Dinwiddie', 'Jamal Murray']",2,103.80000000000001,100.77311543375254
2023-03-12,127,"['Trey Murphy III', 'Jaylin Williams', ""D'Angelo Russell"", 'Ousmane Dieng', 'Trey Murphy III', 'CJ McCollum', 'CJ McCollum', 'Dario Saric', 'Terry Rozier']","['Dorian Finney-Smith', 'CJ McCollum', 'Nick Richards', 'CJ McCollum', 'Jonas Valanciunas', 'Joe Harris', 'Gordon Hayward', 'Doug McDermott', 'Josh Giddey']",380.09999999999997,258.6713516697287,298.7,57700.0,57000.0,2,1,['CJ McCollum'],1,44.5,31.580637742578983
2023-03-18,173,"['Jordan Nwora', 'Aaron Gordon', 'Terence Davis', 'Terence Davis', ""De'Anthony Melton"", 'Cole Anthony', 'Tyrese Maxey', 'Jakob Poeltl', 'DeMar DeRozan']","['Wendell Carter Jr.', ""De'Anthony Melton"", 'Kevon Looney', 'Kyle Kuzma', 'Tyrese Maxey', 'Stephen Curry', 'Robert Covington', 'Keegan Murray', 'Tobias Harris']",337.8,293.3077294893563,361.6,53100.0,57000.0,1,0,"['Tyrese Maxey', ""De'Anthony Melton""]",2,93.4,68.55129419900477
2023-03-27,172,"['Markieff Morris', 'Brook Lopez', 'Rudy Gobert', 'Cameron Payne', 'Harrison Barnes', 'Tyrese Maxey', 'Jaden McDaniels', 'Jamal Murray', 'Rudy Gobert']","['Kevin Porter Jr.', 'T.J. McConnell', 'Georges Niang', 'Anthony Edwards', 'Mike Conley', 'Keegan Murray', 'Paul Reed', 'Jaden Hardy', 'Devin Booker']",317.2,258.47240244373677,268.9,58200.0,60000.0,1,0,[],0,0.0,0.0
2023-03-30,47,"['MarJon Beauchamp', 'Trey Murphy III', 'Jamal Murray', 'Malcolm Brogdon', 'Brandon Ingram', 'Jeff Green', 'Brandon Ingram', 'Malcolm Brogdon', 'Jonas Valanciunas']","['Jaylen Brown', 'Jayson Tatum', 'Malcolm Brogdon', 'Christian Braun', 'Kentavious Caldwell-Pope', 'Brandon Ingram', 'Bruce Brown', 'Larry Nance Jr.', 'Goran Dragic']",311.70000000000005,254.61362079381942,285.59999999999997,60000.0,59100.0,2,0,"['Brandon Ingram', 'Malcolm Brogdon']",2,93.30000000000001,75.70593458730727
2023-01-27,95,"['Chris Duarte', 'Wendell Carter Jr.', 'Shai Gilgeous-Alexander', 'Franz Wagner', 'Dillon Brooks', 'Caleb Martin', 'Kyle Anderson', 'Cole Anthony', 'Darius Garland']","[""D'Angelo Russell"", 'Caleb Martin', 'Fred VanVleet', 'Kyle Anderson', 'Kenrich Williams', 'Scottie Barnes', 'Precious Achiuwa', 'Darius Garland', 'Pat Connaughton']",342.20000000000005,297.86488827392463,357.70000000000005,59900.0,58900.0,0,0,"['Kyle Anderson', 'Caleb Martin', 'Darius Garland']",3,136.9,113.21012100875379
2023-01-29,81,"['Herbert Jones', 'Moses Brown', 'Ja Morant', 'P.J. Washington', 'Giannis Antetokounmpo', 'Jose Alvarado', 'Ja Morant', 'Amir Coffey', 'Kira Lewis Jr.']","['Jaren Jackson Jr.', 'Jimmy Butler', 'Evan Mobley', 'Brook Lopez', 'Dean Wade', 'Donovan Mitchell', 'Bennedict Mathurin', 'Kyle Lowry', 'David Roddy']",398.6,266.18493959270415,292.70000000000005,57900.0,58000.0,1,0,[],0,0.0,0.0
2023-02-02,137,"['Tyler Herro', 'Anthony Davis', 'Mason Plumlee', 'Cedi Osman', 'RJ Barrett', 'Nikola Vucevic', 'Pat Connaughton', 'Quentin Grimes', 'Jamal Murray']","['Coby White', 'Jamal Murray', 'Marcus Morris Sr.', 'Giannis Antetokounmpo', 'John Konchar', 'Brandon Ingram', 'Anthony Davis', 'Marcus Morris Sr.', 'Pat Connaughton']",364.8,310.38628912828864,374.1,59600.0,58400.0,0,1,"['Jamal Murray', 'Anthony Davis', 'Pat Connaughton']",3,132.8,117.4513949200511
2023-02-05,128,"['Trey Murphy III', 'Jalen Brunson', 'Evan Fournier', 'Willy Hernangomez', 'Terry Rozier', 'Joel Embiid', 'Evan Mobley', 'LaMelo Ball', 'P.J. Tucker']","['Desmond Bane', 'Naji Marshall', 'Terry Rozier', 'Taurean Prince', 'Larry Nance Jr.', 'Santi Aldama', 'Tyrese Haliburton', 'Anthony Edwards', 'P.J. Washington']",358.8,274.3756864834577,297.90000000000003,59700.0,56300.0,0,0,['Terry Rozier'],1,39.6,33.55784220732748
2023-02-08,177,"['Keegan Murray', 'P.J. Washington', 'Klay Thompson', 'Daniel Gafford', 'Caleb Martin', ""De'Aaron Fox"", 'Anthony Edwards', 'Grant Williams', 'Jalen Green']","['Delon Wright', 'Taurean Prince', 'Precious Achiuwa', 'Damian Lillard', 'Anthony Edwards', 'Talen Horton-Tucker', 'Josh Minott', 'Bradley Beal', 'Alperen Sengun']",375.9,299.89855829682205,354.5,58700.0,57000.0,0,0,['Anthony Edwards'],1,53.4,46.91596207078546
2023-02-23,185,"['Jordan Clarkson', 'Nassir Little', 'Walker Kessler', 'Jaylen Brown', 'Tyrese Haliburton', 'Austin Reaves', 'Zach Collins', 'Shai Gilgeous-Alexander', 'Dwight Powell']","['Joel Embiid', 'Ty Jerome', 'Buddy Hield', 'Malik Monk', 'Nassir Little', 'Josh Giddey', 'Evan Mobley', 'Jaden Ivey', 'Dwight Powell']",402.4,295.9029963184148,353.4,60000.0,56900.0,0,0,"['Dwight Powell', 'Nassir Little']",2,77.7,69.91632231660188
2023-02-25,153,"['Herbert Jones', ""Devonte' Graham"", 'Joel Embiid', 'Marvin Bagley III', 'Jayson Tatum', 'P.J. Tucker', 'Kris Dunn', 'Mark Williams', 'Myles Turner']","[""Devonte' Graham"", 'James Harden', 'Jordan Nwora', 'Jalen Suggs', 'Pascal Siakam', 'Tyler Herro', 'Chris Boucher', 'Pascal Siakam', 'Willy Hernangomez']",346.7,301.510612950474,352.50000000000006,58800.0,59700.0,0,1,"[""Devonte' Graham""]",1,23.8,18.692265424132348
2023-03-02,81,"[""De'Anthony Melton"", 'Kristaps Porzingis', 'Kyle Kuzma', ""De'Anthony Melton"", 'Mason Plumlee', 'Jordan Poole', 'Kyrie Irving', 'Chris Duarte', 'Donte DiVincenzo']","['Maxi Kleber', 'Delon Wright', 'Deni Avdija', 'Pascal Siakam', 'James Harden', 'Devin Vassell', 'Eric Gordon', 'Jakob Poeltl', 'Jeremy Sochan']",374.40000000000003,276.3382383044809,313.3,59400.0,59300.0,1,0,[],0,0.0,0.0
2023-03-09,123,"['Terry Rozier', 'Walker Kessler', 'Kevin Huerter', 'Brook Lopez', ""De'Aaron Fox"", 'Simone Fontecchio', 'Bobby Portis', 'Dillon Brooks', ""Day'Ron Sharpe""]","['Jae Crowder', 'Dennis Smith Jr.', 'Terry Rozier', 'Dru Smith', ""De'Aaron Fox"", 'Brook Lopez', 'Jabari Smith Jr.', 'Lauri Markkanen', ""Day'Ron Sharpe""]",364.00000000000006,304.87414874173703,376.8,60000.0,58800.0,0,0,"['Terry Rozier', ""Day'Ron Sharpe"", ""De'Aaron Fox"", 'Brook Lopez']",4,194.1,144.93099616318943
2023-03-20,116,"['Terry Rozier', 'Kelly Olynyk', 'Nick Richards', 'Josh Hart', 'Keegan Murray', 'Gordon Hayward', 'Jabari Smith Jr.', ""De'Aaron Fox"", 'Santi Aldama']","['Chimezie Metu', 'Rudy Gobert', 'Isaiah Jackson', 'Immanuel Quickley', ""De'Aaron Fox"", 'Maxi Kleber', 'Josh Hart', 'Mike Conley', 'Zach LaVine']",363.70000000000005,263.72132670879364,313.49999999999994,58400.0,56400.0,0,0,"[""De'Aaron Fox"", 'Josh Hart']",2,84.3,70.84955367743969
2023-03-24,205,"['Kevin Porter Jr.', 'Desmond Bane', 'Eugene Omoruyi', 'Joel Embiid', 'Deni Avdija', 'Terrence Ross', 'Tobias Harris', 'Tre Jones', 'Kevin Huerter']","['Jordan Goodwin', 'Anthony Davis', 'Josh Giddey', 'Jakob Poeltl', 'Killian Hayes', 'Jarrell Brantley', 'Kevin Knox II', 'Jordan Poole', 'Keldon Johnson']",387.79999999999995,285.92965530976653,330.7,,59100.0,0,0,[],0,0.0,0.0
2023-02-06,176,"['Kristaps Porzingis', 'Draymond Green', 'Bojan Bogdanovic', 'Killian Hayes', 'Daniel Gafford', 'Jrue Holiday', 'Donte DiVincenzo', 'Sam Hauser', 'Josh Green']","['Evan Mobley', 'Jaden Ivey', 'Derrick White', 'Caris LeVert', 'Marcus Morris Sr.', 'Jalen Green', 'Damian Lillard', 'Ivica Zubac', 'Jrue Holiday']",298.0,277.28020047135647,295.99999999999994,56500.0,60000.0,0,0,['Jrue Holiday'],1,35.8,39.052610751241446
2023-03-07,158,"['Austin Reaves', 'Seth Curry', 'Brook Lopez', 'James Wiseman', 'Kyrie Irving', 'Goga Bitadze', 'Gordon Hayward', 'Kevin Porter Jr.', 'Jaren Jackson Jr.']","['Jae Crowder', 'Nick Richards', 'Taurean Prince', 'Bradley Beal', 'Kelly Oubre Jr.', 'Jevon Carter', 'Isaiah Livers', 'Khris Middleton', 'Luka Doncic']",334.40000000000003,288.194600917399,320.6,58200.0,56700.0,0,0,[],0,0.0,0.0
2023-03-23,84,"['Spencer Dinwiddie', 'Ricky Rubio', 'Mikal Bridges', 'Evan Mobley', 'Isaac Okoro', 'Paolo Banchero', 'Kawhi Leonard', 'Nicolas Batum', 'Quentin Grimes']","['Dyson Daniels', 'Evan Mobley', 'Brandon Ingram', 'Terance Mann', 'Trey Murphy III', 'Quentin Grimes', 'Spencer Dinwiddie', 'Paolo Banchero', 'Immanuel Quickley']",352.69999999999993,278.99148084782064,378.7,59800.0,58400.0,0,0,"['Spencer Dinwiddie', 'Evan Mobley', 'Paolo Banchero', 'Quentin Grimes']",4,205.7,146.9154001623392
2023-03-28,118,"['Donovan Mitchell', 'Scottie Barnes', 'John Collins', 'Desmond Bane', 'Svi Mykhailiuk', 'Donte DiVincenzo', 'Theo Maledon', 'Monte Morris', 'Brandon Ingram']","['Scottie Barnes', 'JT Thor', 'Desmond Bane', 'Svi Mykhailiuk', 'Cole Anthony', 'Josh Giddey', 'Delon Wright', 'Kevin Love', 'Brandon Ingram']",395.50000000000006,286.90244055837394,343.5,57800.0,57600.0,0,0,"['Brandon Ingram', 'Svi Mykhailiuk', 'Desmond Bane', 'Scottie Barnes']",4,197.79999999999998,153.63765405602754
2023-01-19,99,"['Deandre Ayton', 'Scottie Barnes', 'Damian Lillard', 'Al Horford', ""D'Angelo Russell"", 'Joe Harris', 'Jalen Duren', 'Jaden McDaniels', 'Draymond Green']","[""D'Angelo Russell"", 'Cameron Johnson', 'Stephen Curry', 'Markieff Morris', 'Scottie Barnes', 'Andrew Wiggins', 'Marcus Smart', 'Kyrie Irving', 'Al Horford']",364.3,308.58187285028396,374.5,59300.0,59600.0,0,0,"['Al Horford', 'Scottie Barnes', ""D'Angelo Russell""]",3,131.3,105.53993205763399
2023-01-26,124,"['Kyrie Irving', 'TyTy Washington Jr.', 'Paul George', 'Mason Plumlee', 'Ricky Rubio', 'Evan Mobley', 'Zach Collins', 'Paul George', 'Dean Wade']","['Hamidou Diallo', 'Terry Rozier', 'Spencer Dinwiddie', 'Nic Claxton', 'Darius Garland', 'Chris Paul', 'Alec Burks', 'Spencer Dinwiddie', 'Doug McDermott']",360.8,332.9437398472801,400.09999999999997,57900.0,60000.0,1,1,[],0,0.0,0.0
2023-02-12,37,"['Derrick White', 'Robert Williams III', 'Pascal Siakam', 'Bojan Bogdanovic', 'Alec Burks', 'Fred VanVleet', 'Santi Aldama', 'Hamidou Diallo', 'Bojan Bogdanovic']","['Jaden Ivey', 'Alec Burks', 'Jakob Poeltl', 'Fred VanVleet', 'Jayson Tatum', 'Isaiah Stewart', 'Grant Williams', 'Bojan Bogdanovic', 'Hamidou Diallo']",352.09999999999997,256.9165513783693,302.0,59000.0,58700.0,1,0,"['Alec Burks', 'Bojan Bogdanovic', 'Fred VanVleet', 'Hamidou Diallo']",4,159.6,125.73107766881586
2023-02-27,78,"['R.J. Hampton', 'Jimmy Butler', 'Victor Oladipo', 'Robert Williams III', 'Killian Hayes', 'Paolo Banchero', 'Hamidou Diallo', 'Joel Embiid', 'Marvin Bagley III']","['Sam Hauser', 'James Wiseman', 'Josh Hart', 'Gordon Hayward', 'Jimmy Butler', 'Terry Rozier', ""De'Anthony Melton"", 'Jimmy Butler', 'JT Thor']",321.29999999999995,255.46223950944844,285.4,59100.0,56800.0,0,1,['Jimmy Butler'],1,58.7,49.76820783242583
2023-03-15,136,"['Marcus Smart', 'Keegan Murray', 'Wenyen Gabriel', 'Josh Green', 'Kyle Anderson', 'Jimmy Butler', 'Joel Embiid', 'Derrick White', 'Mamadi Diakite']","['Isaac Okoro', 'Domantas Sabonis', 'Romeo Langford', 'Anthony Edwards', 'Stephen Curry', 'Christian Wood', 'Russell Westbrook', 'Coby White', 'Dwight Powell']",298.7,288.1482330756262,357.7,59900.0,59300.0,0,0,[],0,0.0,0.0
2023-03-04,124,"['Trae Young', 'Marvin Bagley III', 'Delon Wright', 'Will Barton', 'Keita Bates-Diop', 'Evan Mobley', ""Devonte' Graham"", 'Rudy Gobert', 'Jimmy Butler']","['Anthony Edwards', 'Trey Lyles', 'Clint Capela', 'Delon Wright', 'Jabari Smith Jr.', 'Jrue Holiday', 'Nickeil Alexander-Walker', 'Fred VanVleet', 'Gabe Vincent']",345.5,294.27310382723806,332.2,59800.0,57600.0,0,0,['Delon Wright'],1,53.7,32.346162497997284
2023-02-14,110,"['Quenton Jackson', 'Khris Middleton', 'Kawhi Leonard', 'Jrue Holiday', 'Jalen Suggs', 'Wendell Carter Jr.', 'Keegan Murray', 'Deandre Ayton', 'Jakob Poeltl']","['Pat Connaughton', 'Scottie Barnes', 'Wendell Carter Jr.', 'Blake Griffin', 'Deandre Ayton', 'Kawhi Leonard', 'Malcolm Brogdon', 'Precious Achiuwa', 'Jrue Holiday']",376.7,320.6002436783165,374.7,58200.0,59000.0,0,0,"['Wendell Carter Jr.', 'Deandre Ayton', 'Jrue Holiday', 'Kawhi Leonard']",4,215.8,179.11830929741262
