date,fanduel_player_pool_count,fanduel_GT_players,fanduel_predicted_players,fanduel_GT_points,fanduel_predicted_points,fanduel_predicted_lineup_GT_points,fanduel_GT_lineup_predicted_points,fanduel_GT_salary,fanduel_predicted_salary,fanduel_GT_duplicates,fanduel_predicted_duplicates,fanduel_overlap_players,fanduel_overlap_count,fanduel_overlap_GT_points,fanduel_overlap_predicted_points
2022-11-12,10,"['Bojan Bogdanovic', 'Kevin Durant', 'Nic Claxton', 'P.J. Washington', 'Jordan Clarkson', 'Isaiah Stewart', 'Gary Trent Jr.', 'Kelly Oubre Jr.', 'Saddiq Bey']","['Isaiah Stewart', 'Saddiq Bey', 'Jordan Clarkson', 'Jordan Clarkson', 'Kelly Oubre Jr.', 'P.J. Washington', 'Bojan Bogdanovic', 'Nic Claxton', 'P.J. Washington']",241.90000009536743,,206.69999980926514,,59900.0,55600.0,0,2,"['Jordan Clarkson', 'Bojan Bogdanovic', 'Kelly Oubre Jr.', 'Nic Claxton', 'P.J. Washington', 'Saddiq Bey', 'Isaiah Stewart']",7,181.99999952316284,
2022-11-13,11,"[""D'Angelo Russell"", 'Jordan Clarkson', 'Anthony Edwards', 'Kelly Olynyk', 'Nic Claxton', ""D'Angelo Russell"", 'DeMar DeRozan', 'Mike Conley', 'Kelly Olynyk']","[""D'Angelo Russell"", 'Jordan Clarkson', 'Kelly Olynyk', 'Kevin Durant', 'Mike Conley', 'Kelly Olynyk', 'Nikola Vucevic', 'Mike Conley', 'Lauri Markkanen']",242.2000026702881,,240.69999599456787,,58900.0,64000.0,2,2,"['Jordan Clarkson', 'Kelly Olynyk', 'Mike Conley', ""D'Angelo Russell""]",4,112.3000020980835,
2022-11-14,17,"['Kelly Oubre Jr.', 'Bojan Bogdanovic', 'Jalen Green', 'Clint Capela', 'Kevin Porter Jr.', 'Jaden Ivey', 'P.J. Washington', 'Jordan Poole', 'Jordan Poole']","['Dejounte Murray', 'P.J. Washington', 'Jayson Tatum', 'Bojan Bogdanovic', 'Bojan Bogdanovic', 'Kelly Oubre Jr.', 'Brook Lopez', 'Jayson Tatum', 'John Collins']",362.39999771118164,,324.0999984741211,,57500.0,67400.0,1,2,"['Bojan Bogdanovic', 'Kelly Oubre Jr.', 'P.J. Washington']",3,97.20000076293945,
2022-11-15,16,"['Josh Hart', 'Kelly Olynyk', 'Jalen Brunson', 'Lauri Markkanen', 'Mike Conley', 'Ivica Zubac', 'Tre Jones', 'Keldon Johnson', 'Jakob Poeltl']","['Nic Claxton', 'Jakob Poeltl', 'Jarred Vanderbilt', 'Keldon Johnson', 'Dillon Brooks', 'Ivica Zubac', 'Nic Claxton', 'Ivica Zubac', 'Lauri Markkanen']",324.80000495910645,,221.40000343322754,,58200.0,57400.0,0,2,"['Lauri Markkanen', 'Jakob Poeltl', 'Keldon Johnson', 'Ivica Zubac']",4,142.40000343322754,
2022-11-16,33,"['Mikal Bridges', 'Julius Randle', 'Anthony Edwards', 'Luguentz Dort', 'DeMar DeRozan', 'John Collins', 'Kevin Porter Jr.', 'Bobby Portis', 'P.J. Washington']","['Kelly Oubre Jr.', 'RJ Barrett', 'CJ McCollum', 'P.J. Washington', 'DeMar DeRozan', 'Mikal Bridges', 'Kevin Porter Jr.', 'Trae Young', 'Anthony Edwards']",376.09999656677246,,384.69999504089355,,59700.0,65100.0,0,0,"['Anthony Edwards', 'P.J. Washington', 'Kevin Porter Jr.', 'Mikal Bridges', 'DeMar DeRozan']",5,236.1999969482422,
2022-11-17,11,"['Tre Jones', 'Saddiq Bey', 'Ivica Zubac', 'Jerami Grant', 'Bojan Bogdanovic', 'Josh Hart', 'Saddiq Bey', 'Nic Claxton', 'Jaden Ivey']","['Tre Jones', 'Kevin Durant', 'Jakob Poeltl', 'Kevin Durant', 'Nic Claxton', 'Ivica Zubac', 'Ivica Zubac', 'Jakob Poeltl', 'Jaden Ivey']",239.59999465942383,,283.7000026702881,,56800.0,70100.0,1,3,"['Tre Jones', 'Nic Claxton', 'Ivica Zubac', 'Jaden Ivey']",4,103.5999984741211,
2022-11-18,49,"['Mike Conley', 'Devin Booker', 'Christian Wood', 'Draymond Green', 'Bojan Bogdanovic', 'Evan Mobley', 'Kyle Lowry', 'Bobby Portis', 'Lauri Markkanen']","['Kyle Lowry', 'Luka Doncic', 'Bojan Bogdanovic', 'Mikal Bridges', 'Jalen Green', 'Zach LaVine', 'Kelly Oubre Jr.', 'Jaylen Brown', 'Devin Booker']",432.50000381469727,,408.5,,60000.0,69300.0,0,0,"['Bojan Bogdanovic', 'Devin Booker', 'Kyle Lowry']",3,172.79999923706055,
2022-11-19,22,"['Kelly Olynyk', 'Josh Hart', 'Jordan Clarkson', 'Franz Wagner', 'Anfernee Simons', 'Jakob Poeltl', 'Jarred Vanderbilt', 'Josh Hart', 'Rudy Gobert']","['Tyrese Haliburton', 'Anthony Edwards', 'Tre Jones', 'Mike Conley', 'Paul George', 'Franz Wagner', 'Mike Conley', 'Jarred Vanderbilt', 'Franz Wagner']",314.89999198913574,,272.1000061035156,,58300.0,62700.0,1,2,"['Jarred Vanderbilt', 'Franz Wagner']",2,59.79999923706055,
2022-11-20,29,"['Dennis Smith Jr.', 'Dillon Brooks', 'Steven Adams', 'Mason Plumlee', 'Kyle Kuzma', 'Steven Adams', 'Klay Thompson', 'Stephen Curry', 'Dillon Brooks']","['P.J. Washington', 'Alperen Sengun', 'Stephen Curry', 'Andrew Wiggins', 'Keldon Johnson', 'Andrew Wiggins', 'Steven Adams', 'Draymond Green', 'Bojan Bogdanovic']",402.00000762939453,,273.99999809265137,,58200.0,62000.0,2,1,"['Stephen Curry', 'Steven Adams']",2,110.69999694824219,
2022-11-21,45,"['John Collins', 'Ivica Zubac', 'Kyle Lowry', 'Karl-Anthony Towns', 'Jordan Clarkson', 'Franz Wagner', 'Al Horford', 'Luguentz Dort', 'Lauri Markkanen']","['Shai Gilgeous-Alexander', 'Marcus Smart', 'Bobby Portis', 'Kelly Olynyk', 'Al Horford', 'Anthony Edwards', 'Jalen Brunson', 'Donovan Mitchell', 'Jayson Tatum']",348.7000141143799,,356.0000057220459,,59200.0,68700.0,0,0,['Al Horford'],1,20.0,
2022-11-22,19,"['Michael Porter Jr.', 'Nic Claxton', 'Nic Claxton', 'Bojan Bogdanovic', 'Mikal Bridges', 'Dillon Brooks', 'Jamal Murray', 'Aaron Gordon', 'Russell Westbrook']","['Dillon Brooks', 'Tobias Harris', 'Aaron Gordon', 'Jaden Ivey', 'Anthony Davis', 'Ja Morant', 'Bojan Bogdanovic', 'Kevin Durant', 'Nikola Jokic']",285.9000072479248,,382.50000762939453,,58800.0,79000.0,1,0,"['Dillon Brooks', 'Aaron Gordon', 'Bojan Bogdanovic']",3,93.20000648498535,
2022-11-23,74,"['Kyle Lowry', 'Nic Claxton', 'Rudy Gobert', 'Draymond Green', 'Tre Jones', 'Andrew Wiggins', 'Aaron Gordon', 'Bobby Portis', 'DeMar DeRozan']","['Marcus Smart', 'Anfernee Simons', 'Giannis Antetokounmpo', 'Nikola Vucevic', 'Kevin Durant', 'Nikola Jokic', 'Christian Wood', 'Jerami Grant', 'Spencer Dinwiddie']",383.7999973297119,,335.6999969482422,,59700.0,76700.0,0,0,[],0,0.0,0.0
2022-11-25,71,"['Jalen Green', 'Deandre Ayton', 'Luguentz Dort', 'Zach LaVine', 'Nic Claxton', 'Aaron Gordon', 'Bennedict Mathurin', 'Trae Young', 'Al Horford']","['Zach LaVine', 'Luguentz Dort', 'Jordan Clarkson', 'Jamal Murray', 'Donovan Mitchell', 'Kentavious Caldwell-Pope', 'Bobby Portis', 'Andrew Wiggins', 'Jamal Murray']",357.0999984741211,,309.2000026702881,,59500.0,60100.0,0,1,"['Luguentz Dort', 'Zach LaVine']",2,60.5,
2022-11-26,20,"['Keldon Johnson', 'Mikal Bridges', 'Tre Jones', 'Luguentz Dort', 'Devin Booker', 'Devin Vassell', 'Jordan Clarkson', 'Jarred Vanderbilt', 'Kelly Olynyk']","['Deandre Ayton', 'Mikal Bridges', 'Tre Jones', 'Mikal Bridges', 'Russell Westbrook', 'Lonnie Walker IV', 'Keldon Johnson', 'Lauri Markkanen', 'Lonnie Walker IV']",307.89999866485596,,332.89999771118164,,60000.0,60600.0,0,2,"['Tre Jones', 'Mikal Bridges', 'Keldon Johnson']",3,134.19999885559082,
2022-11-27,54,"['Ivica Zubac', 'Al Horford', 'Ivica Zubac', 'Ivica Zubac', 'Steven Adams', 'Donovan Mitchell', 'Klay Thompson', 'Bobby Portis', 'Bam Adebayo']","['Ja Morant', 'Karl-Anthony Towns', 'Kyle Lowry', 'Julius Randle', 'Kyrie Irving', 'Bam Adebayo', 'Saddiq Bey', 'RJ Barrett', 'Jusuf Nurkic']",433.50000381469727,,343.70000076293945,,59800.0,70600.0,2,0,['Bam Adebayo'],1,43.099998474121094,
2022-11-28,63,"['Domantas Sabonis', 'Kelly Oubre Jr.', 'John Collins', 'Luguentz Dort', 'Bol Bol', 'Evan Mobley', 'Kevin Huerter', 'Russell Westbrook', 'Marcus Smart']","['Nikola Vucevic', 'Myles Turner', 'Jamal Murray', 'Nic Claxton', 'Nikola Jokic', 'Shai Gilgeous-Alexander', ""De'Aaron Fox"", 'Kelly Olynyk', 'Clint Capela']",369.8000087738037,,370.50000381469727,,59700.0,70200.0,0,0,[],0,0.0,0.0
2022-11-29,20,"['Klay Thompson', 'Julius Randle', 'Draymond Green', 'Jusuf Nurkic', 'Marcus Morris Sr.', 'Christian Wood', 'RJ Barrett', 'Saddiq Bey', 'Jordan Poole']","['Ivica Zubac', 'Bojan Bogdanovic', 'Anfernee Simons', 'Klay Thompson', 'Klay Thompson', 'Draymond Green', 'Stephen Curry', 'Luka Doncic', 'Jusuf Nurkic']",236.29999828338623,,324.4000053405762,,59000.0,71100.0,0,1,"['Jusuf Nurkic', 'Klay Thompson', 'Draymond Green']",3,86.09999942779541,
2022-11-30,84,"['Anfernee Simons', 'Jonas Valanciunas', 'Jalen Smith', 'Anthony Edwards', 'Jordan Clarkson', 'Devin Vassell', 'Anthony Edwards', ""Royce O'Neale"", 'Jabari Smith Jr.']","[""De'Anthony Melton"", 'Donovan Mitchell', 'Nic Claxton', 'Alperen Sengun', 'Jonas Valanciunas', 'RJ Barrett', 'Kyle Kuzma', 'Luguentz Dort', 'Keldon Johnson']",373.4000053405762,,283.6999988555908,,59600.0,60600.0,1,0,['Jonas Valanciunas'],1,33.10000228881836,
2022-12-02,81,"['Steven Adams', 'P.J. Washington', 'Mason Plumlee', 'Clint Capela', 'Dillon Brooks', 'Jrue Holiday', 'Zach LaVine', 'Marcus Smart', 'Kristaps Porzingis']","['Myles Turner', 'Dejounte Murray', 'Alperen Sengun', 'Terry Rozier', 'Jayson Tatum', 'Kyle Kuzma', 'Darius Garland', 'Giannis Antetokounmpo', 'Jamal Murray']",349.1999969482422,,330.1000003814697,,59900.0,77200.0,0,0,[],0,0.0,0.0
2022-12-03,39,"['Anfernee Simons', 'Alperen Sengun', 'Jordan Poole', 'Jordan Clarkson', 'Ivica Zubac', 'Kevin Huerter', 'Andrew Wiggins', 'Scottie Barnes', 'Andrew Wiggins']","['Draymond Green', 'Jalen Green', 'Jerami Grant', 'Kevin Porter Jr.', 'Jusuf Nurkic', ""De'Aaron Fox"", 'Jerami Grant', 'John Wall', 'Andrew Wiggins']",350.8000087738037,,286.0000047683716,,58600.0,65200.0,1,1,['Andrew Wiggins'],1,53.000003814697266,
2022-12-04,59,"['Jaylen Brown', 'Harrison Barnes', 'Aaron Gordon', 'Deandre Ayton', 'Malcolm Brogdon', 'Malcolm Brogdon', 'Kyle Kuzma', 'Kyrie Irving', 'Al Horford']","['Donovan Mitchell', 'Myles Turner', 'Jerami Grant', 'Nikola Jokic', 'Tre Jones', 'Myles Turner', 'LeBron James', 'LeBron James', 'Isaiah Stewart']",336.20000076293945,,343.50000762939453,,59600.0,76900.0,1,2,[],0,0.0,0.0
2022-12-05,55,"['Klay Thompson', 'Bobby Portis', 'Terry Rozier', 'Jabari Smith Jr.', ""De'Anthony Melton"", 'Jaylen Brown', 'P.J. Washington', 'Tyus Jones', 'Paolo Banchero']","['Deandre Ayton', 'Mikal Bridges', 'Terry Rozier', 'Giannis Antetokounmpo', 'Tyler Herro', 'Jordan Poole', 'Stephen Curry', 'Fred VanVleet', 'Devin Booker']",363.99999618530273,,316.2999973297119,,57600.0,75700.0,0,0,['Terry Rozier'],1,44.0,
2022-12-06,24,"['Bruce Brown', 'Tyler Herro', 'Saddiq Bey', 'Caris LeVert', 'Bojan Bogdanovic', 'Caris LeVert', 'Bam Adebayo', 'Darius Garland', 'Aaron Gordon']","['Christian Wood', 'Aaron Gordon', 'Tyler Herro', 'Saddiq Bey', 'Bojan Bogdanovic', 'Nikola Jokic', 'Anthony Davis', 'Bruce Brown', 'Evan Mobley']",316.50000190734863,,311.40000915527344,,59700.0,69800.0,1,0,"['Saddiq Bey', 'Aaron Gordon', 'Bojan Bogdanovic', 'Bruce Brown', 'Tyler Herro']",5,200.600004196167,
2022-12-07,76,"['Nikola Vucevic', 'Trey Murphy III', 'Killian Hayes', 'Bol Bol', 'Jaden McDaniels', 'Zach LaVine', 'Rudy Gobert', 'Julius Randle', 'Klay Thompson']","['Kyle Kuzma', 'Steven Adams', 'Rudy Gobert', 'DeMar DeRozan', 'Jarred Vanderbilt', 'Jaden Ivey', 'CJ McCollum', 'Julius Randle', 'Zach LaVine']",403.2000026702881,,298.70000648498535,,59500.0,62900.0,0,0,"['Rudy Gobert', 'Zach LaVine', 'Julius Randle']",3,161.50000381469727,
2022-12-08,23,"['John Wall', 'Max Strus', 'Tre Jones', 'Justise Winslow', 'Jamal Murray', 'Alperen Sengun', 'Reggie Jackson', 'Jerami Grant', 'Paul George']","['Jabari Smith Jr.', 'John Wall', 'Keldon Johnson', 'Justise Winslow', 'Kevin Porter Jr.', 'Bam Adebayo', 'Reggie Jackson', 'Nikola Jokic', 'Alperen Sengun']",264.3999938964844,,287.09999561309814,,59200.0,65000.0,0,0,"['Reggie Jackson', 'John Wall', 'Alperen Sengun', 'Justise Winslow']",4,92.29999828338623,
2022-12-09,75,"['Kevin Huerter', 'Deandre Ayton', 'Fred VanVleet', ""De'Anthony Melton"", 'RJ Barrett', 'Isaiah Stewart', 'Franz Wagner', 'Gary Trent Jr.', 'Domantas Sabonis']","['Devin Booker', 'Jordan Clarkson', 'Darius Garland', 'Killian Hayes', 'Russell Westbrook', 'RJ Barrett', 'Christian Wood', 'Jonas Valanciunas', 'Buddy Hield']",382.79999923706055,,285.1999988555908,,59500.0,63700.0,0,0,['RJ Barrett'],1,41.39999771118164,
2022-12-10,45,"['Klay Thompson', 'Bennedict Mathurin', 'Aaron Gordon', 'Jamal Murray', 'Rudy Gobert', 'Josh Giddey', 'Draymond Green', 'Malcolm Brogdon', 'Kyle Kuzma']","['Derrick White', 'Anfernee Simons', 'Evan Mobley', 'Jaylen Brown', 'Tyrese Haliburton', 'Nikola Vucevic', 'Jamal Murray', 'Ivica Zubac', 'Jarrett Allen']",334.00000190734863,,323.99999809265137,,59500.0,67300.0,0,0,['Jamal Murray'],1,41.29999923706055,
2022-12-11,44,"['Mason Plumlee', ""De'Anthony Melton"", 'Jrue Holiday', 'Bobby Portis', 'Bojan Bogdanovic', 'Kelly Oubre Jr.', 'RJ Barrett', 'RJ Barrett', 'Alperen Sengun']","['Scottie Barnes', 'Terry Rozier', 'Franz Wagner', 'Bol Bol', 'Tobias Harris', 'Lonnie Walker IV', 'Bojan Bogdanovic', 'Anthony Davis', 'Mitchell Robinson']",377.4999942779541,,317.8999996185303,,59400.0,64000.0,1,0,['Bojan Bogdanovic'],1,47.79999923706055,
2022-12-12,51,"['Aleksej Pokusevski', 'Jusuf Nurkic', 'Myles Turner', 'Tyus Jones', 'Spencer Dinwiddie', 'Jarrett Allen', 'Dillon Brooks', 'Tyus Jones', 'Buddy Hield']","['Nic Claxton', 'Aleksej Pokusevski', 'Evan Mobley', 'Ben Simmons', 'Jalen Smith', 'Jaylen Brown', 'Ivica Zubac', 'Kyle Lowry', 'Kristaps Porzingis']",325.10000228881836,,205.6999979019165,,57800.0,63000.0,1,0,['Aleksej Pokusevski'],1,12.80000114440918,
2022-12-13,39,"['Mike Conley', 'Russell Westbrook', 'Draymond Green', 'Mikal Bridges', 'Tobias Harris', 'Bobby Portis', 'Tobias Harris', 'Marcus Smart', 'Russell Westbrook']","['Marcus Smart', 'Giannis Antetokounmpo', 'Jordan Poole', 'CJ McCollum', 'LeBron James', 'Jalen Green', 'Mike Conley', 'Draymond Green', 'LeBron James']",352.40000343322754,,330.6999969482422,,59900.0,71400.0,2,1,"['Draymond Green', 'Mike Conley', 'Marcus Smart']",3,68.70000076293945,
2022-12-14,73,"['Marcus Morris Sr.', 'Kelly Oubre Jr.', 'Bojan Bogdanovic', 'Bennedict Mathurin', 'Clint Capela', 'Josh Giddey', 'Mason Plumlee', 'Anfernee Simons', 'Fred VanVleet']","['Spencer Dinwiddie', 'Shai Gilgeous-Alexander', 'Stephen Curry', 'Luguentz Dort', 'Tre Jones', 'Fred VanVleet', 'Terry Rozier', 'Buddy Hield', 'Anthony Edwards']",346.19999504089355,,359.5999946594238,,59400.0,69900.0,0,0,['Fred VanVleet'],1,69.0999984741211,
2022-12-15,30,"['Jalen Green', 'Tyus Jones', 'Alperen Sengun', 'Mikal Bridges', 'Malik Beasley', 'Tyler Herro', 'Dillon Brooks', 'Jabari Smith Jr.', 'Bobby Portis']","['Bobby Portis', 'Tyus Jones', 'Dillon Brooks', 'Devin Booker', 'Jalen Green', 'Mike Conley', 'Malik Beasley', 'Jimmy Butler', 'CJ McCollum']",289.3000011444092,,281.0999994277954,,58000.0,62900.0,0,0,"['Dillon Brooks', 'Tyus Jones', 'Bobby Portis', 'Jalen Green', 'Malik Beasley']",5,139.2000026702881,
2022-12-16,77,"['Al Horford', 'Julius Randle', 'Jamal Murray', 'Harrison Barnes', 'Russell Westbrook', 'Christian Wood', 'Aaron Gordon', ""De'Anthony Melton"", 'Christian Wood']","['Bruce Brown', 'Tyrese Haliburton', 'Trae Young', 'DeMar DeRozan', 'Nikola Jokic', 'Jaylen Nowell', 'Harrison Barnes', 'Anfernee Simons', 'Cole Anthony']",363.90000343322754,,303.80001068115234,,59800.0,69100.0,1,0,['Harrison Barnes'],1,36.400001525878906,
2022-12-17,51,"['Santi Aldama', 'Alperen Sengun', 'Darius Garland', 'John Wall', 'Christian Wood', 'Kristaps Porzingis', 'Devin Booker', 'Aleksej Pokusevski', 'Luguentz Dort']","['Tyus Jones', 'Bam Adebayo', 'Mike Conley', 'Darius Garland', 'Steven Adams', 'Malik Beasley', 'Mike Conley', 'Tyus Jones', 'John Wall']",356.5999984741211,,247.9000015258789,,60000.0,56700.0,0,2,"['Darius Garland', 'John Wall']",2,80.99999809265137,
2022-12-18,40,"['Nic Claxton', 'Jaden McDaniels', 'Nikola Jokic', 'Bojan Bogdanovic', 'Monte Morris', 'Jordan Poole', 'Marvin Bagley III', 'Killian Hayes', 'Lonnie Walker IV']","['Killian Hayes', 'Kelly Oubre Jr.', 'Aaron Gordon', 'Jaden McDaniels', ""D'Angelo Russell"", 'Nikola Jokic', 'Jordan Poole', 'Nikola Jokic', 'Jordan Poole']",336.6000003814697,,461.39999771118164,,59900.0,73000.0,0,2,"['Jaden McDaniels', 'Nikola Jokic', 'Killian Hayes', 'Jordan Poole']",4,212.6999969482422,
2022-12-19,67,"['Tre Jones', 'Pascal Siakam', 'Paolo Banchero', 'Jarrett Allen', 'Jaden McDaniels', 'Josh Hart', 'Brook Lopez', 'Aleksej Pokusevski', 'Jonas Valanciunas']","[""De'Anthony Melton"", ""D'Angelo Russell"", 'Tobias Harris', 'Tre Jones', 'Anfernee Simons', 'Jaden McDaniels', 'Darius Garland', 'Dejounte Murray', 'Gordon Hayward']",370.2000141143799,,223.8000020980835,,59500.0,63400.0,0,0,"['Jaden McDaniels', 'Tre Jones']",2,55.20000076293945,
2022-12-20,41,"['Aaron Gordon', 'Jarred Vanderbilt', 'Isaiah Stewart', 'Zach LaVine', 'Jalen Brunson', 'Aaron Gordon', 'Bruce Brown', 'Monte Morris', 'Kyle Kuzma']","['Marvin Bagley III', 'Santi Aldama', 'Saddiq Bey', 'Kentavious Caldwell-Pope', 'Dillon Brooks', 'Isaiah Stewart', 'Mikal Bridges', 'Santi Aldama', 'Dillon Brooks']",338.4000062942505,,164.39999961853027,,59800.0,52600.0,1,2,['Isaiah Stewart'],1,15.09999942779541,
2022-12-21,87,"['Lonnie Walker IV', 'Rudy Gobert', 'Spencer Dinwiddie', 'Cole Anthony', 'Malcolm Brogdon', 'Nic Claxton', 'Trae Young', 'Harrison Barnes', 'Bojan Bogdanovic']","['James Harden', 'Alperen Sengun', 'Rudy Gobert', 'Jaylen Nowell', 'Bobby Portis', 'Julius Randle', ""De'Aaron Fox"", 'Evan Mobley', 'Nikola Vucevic']",314.6999931335449,,277.2999973297119,,59300.0,69600.0,0,0,['Rudy Gobert'],1,48.0,
2022-12-22,15,"['Trey Murphy III', 'Jakob Poeltl', 'CJ McCollum', 'Malik Beasley', 'Jonas Valanciunas', 'Kyle Kuzma', 'Devin Vassell', 'Mike Conley', 'Tre Jones']","['Jordan Clarkson', 'Trey Murphy III', 'CJ McCollum', 'Malik Beasley', 'Kyle Kuzma', 'Bradley Beal', 'Collin Sexton', 'Bradley Beal', 'Collin Sexton']",289.8000030517578,,318.90000343322754,,60000.0,63600.0,0,2,"['Trey Murphy III', 'CJ McCollum', 'Kyle Kuzma', 'Malik Beasley']",4,163.80000114440918,
2022-12-23,122,"['Jaden McDaniels', 'Al Horford', 'P.J. Washington', 'Mason Plumlee', 'Bol Bol', 'Josh Giddey', 'Kyle Kuzma', 'Scottie Barnes', 'Terry Rozier']","['Al Horford', 'Tre Jones', 'Caris LeVert', 'Tyler Herro', 'Jimmy Butler', 'Trae Young', 'Dillon Brooks', 'Domantas Sabonis', 'Kelly Oubre Jr.']",381.99999237060547,,324.8999938964844,,58800.0,69100.0,0,0,['Al Horford'],1,48.19999694824219,
2022-12-25,48,"['Tim Hardaway Jr.', 'Christian Wood', 'Brook Lopez', 'Santi Aldama', ""De'Anthony Melton"", 'Kentavious Caldwell-Pope', 'Aaron Gordon', 'Jalen Brunson', 'Christian Wood']","['Jamal Murray', 'Julius Randle', 'Bobby Portis', 'Lonnie Walker IV', 'LeBron James', 'Klay Thompson', 'Devin Booker', 'LeBron James', 'Ja Morant']",353.00000190734863,,328.99999606609344,,58400.0,77300.0,1,1,[],0,0.0,0.0
2022-12-26,71,"['Paul George', 'Collin Sexton', 'Jusuf Nurkic', 'Killian Hayes', 'Zach LaVine', 'Isaiah Stewart', 'Kevin Porter Jr.', 'Isaiah Stewart', 'P.J. Washington']","['Nic Claxton', 'Jalen Smith', 'Killian Hayes', 'Collin Sexton', 'Killian Hayes', 'Darius Garland', 'Tre Jones', 'Kelly Oubre Jr.', 'Zach LaVine']",400.2000026702881,,269.8999995883554,,59600.0,58200.0,1,0,"['Collin Sexton', 'Killian Hayes', 'Zach LaVine']",3,97.50000190734863,
2022-12-27,104,"['Derrick White', 'Scottie Barnes', 'Jalen Williams', 'Klay Thompson', 'Jalen McDaniels', 'Tre Jones', 'Buddy Hield', 'Jalen Green', 'Russell Westbrook']","['Tre Jones', 'Jaylen Brown', 'Derrick White', 'Al Horford', 'Paolo Banchero', 'LeBron James', 'Fred VanVleet', 'Pascal Siakam', 'Shai Gilgeous-Alexander']",333.4999942779541,,324.19999504089355,,58200.0,75100.0,0,0,"['Tre Jones', 'Derrick White']",2,62.19999694824219,
2022-12-28,89,"['Wendell Carter Jr.', 'DeMar DeRozan', 'Michael Porter Jr.', 'Collin Sexton', 'Cole Anthony', 'Monte Morris', 'Deandre Ayton', 'Mikal Bridges', 'Rudy Gobert']","['Dejounte Murray', 'Draymond Green', 'Giannis Antetokounmpo', 'Jordan Poole', 'Killian Hayes', 'Russell Westbrook', 'Harrison Barnes', 'Mike Conley', 'Austin Reaves']",330.89998626708984,,267.09999364614487,,59900.0,65300.0,0,0,[],0,0.0,0.0
2022-12-29,85,"['Luguentz Dort', 'Derrick White', 'Myles Turner', 'Marcus Smart', 'Marcus Morris Sr.', 'Steven Adams', 'Caris LeVert', 'P.J. Washington', 'Luka Doncic']","['Caris LeVert', 'Jayson Tatum', 'Kevin Porter Jr.', 'Mason Plumlee', 'Kelly Oubre Jr.', 'Jarrett Allen', 'Tyus Jones', 'Darius Garland', 'Jakob Poeltl']",367.7000026702881,,262.6999988555908,,58400.0,66000.0,0,0,['Caris LeVert'],1,30.599998474121094,
2022-12-30,112,"['Zach LaVine', 'Walker Kessler', 'CJ McCollum', 'Bobby Portis', 'Isaiah Stewart', 'Jordan Clarkson', 'Bobby Portis', 'Zach LaVine', ""De'Anthony Melton""]","['Michael Porter Jr.', 'DeMar DeRozan', 'Brook Lopez', 'James Harden', 'Dejounte Murray', 'Josh Hart', 'Scottie Barnes', 'Bol Bol', 'Nikola Jokic']",398.1000003814697,,312.10000228881836,,59600.0,73200.0,0,0,[],0,0.0,0.0
2022-12-31,109,"['Bam Adebayo', ""De'Anthony Melton"", 'Steven Adams', 'Kelly Olynyk', 'Jakob Poeltl', 'Bojan Bogdanovic', 'Bojan Bogdanovic', 'Jaren Jackson Jr.', 'Spencer Dinwiddie']","['Jabari Smith Jr.', 'Jarred Vanderbilt', 'Saddiq Bey', 'Tyus Jones', 'Jonas Valanciunas', 'Kevin Porter Jr.', 'Jabari Smith Jr.', 'Tim Hardaway Jr.', 'Walker Kessler']",376.99999046325684,,195.5999994277954,,58500.0,54900.0,0,0,[],0,0.0,0.0
2023-01-02,60,"['Paul George', 'Jonas Valanciunas', 'Draymond Green', 'Jaden McDaniels', 'Anfernee Simons', 'Jalen McDaniels', 'Isaiah Stewart', 'Anfernee Simons', 'Damian Lillard']","['P.J. Washington', 'Bennedict Mathurin', 'Jamal Murray', 'Fred VanVleet', 'Trey Murphy III', 'Josh Hart', 'Jarrett Allen', 'Jerami Grant', 'Aaron Gordon']",358.0,,256.20000076293945,,60000.0,61300.0,1,0,[],0,0.0,0.0
2023-01-03,22,"['Monte Morris', 'Jalen Williams', 'Daniel Gafford', 'Brook Lopez', 'Marcus Smart', 'Mike Conley', ""De'Aaron Fox"", 'Harrison Barnes', 'Domantas Sabonis']","['Luguentz Dort', ""De'Aaron Fox"", 'Kristaps Porzingis', 'Harrison Barnes', 'Josh Giddey', 'Kyle Kuzma', 'Bobby Portis', 'Bobby Portis', 'Daniel Gafford']",362.00000190734863,,361.3999996185303,,59800.0,63400.0,0,1,"['Harrison Barnes', 'Daniel Gafford', ""De'Aaron Fox""]",3,117.59999656677246,
2023-01-04,84,"['Bojan Bogdanovic', 'Jaden Ivey', 'Dillon Brooks', ""De'Aaron Fox"", 'Caris LeVert', 'Fred VanVleet', 'Steven Adams', 'Isaiah Stewart', 'Kevin Huerter']","['Brook Lopez', 'Tyler Herro', 'Steven Adams', 'DeMar DeRozan', 'Jalen Green', 'Kyrie Irving', 'Saddiq Bey', 'Fred VanVleet', 'Buddy Hield']",342.6999988555908,,352.0999975204468,,59000.0,66300.0,0,0,"['Fred VanVleet', 'Steven Adams']",2,100.5999984741211,
2023-01-05,30,"['Spencer Dinwiddie', 'Malcolm Brogdon', 'Christian Wood', 'Alperen Sengun', 'Spencer Dinwiddie', 'Kelly Olynyk', 'Jayson Tatum', 'Bruce Brown', 'Mike Conley']","['Aaron Gordon', 'Nikola Jokic', 'Jayson Tatum', 'Paolo Banchero', 'Alperen Sengun', 'Ivica Zubac', 'Lauri Markkanen', 'Tim Hardaway Jr.', 'Marcus Smart']",296.7999954223633,,336.89999866485596,,59700.0,70100.0,1,0,"['Jayson Tatum', 'Alperen Sengun']",2,112.09999465942383,
2023-01-06,84,"['Fred VanVleet', 'Terry Rozier', 'Mitchell Robinson', 'Evan Mobley', 'Bruce Brown', 'Bennedict Mathurin', 'Nic Claxton', 'Kyle Kuzma', 'Jakob Poeltl']","['Monte Morris', 'Kristaps Porzingis', 'Killian Hayes', 'Jimmy Butler', 'John Wall', 'Chris Paul', 'Isaiah Stewart', 'Bogdan Bogdanovic', 'Bennedict Mathurin']",368.29999923706055,,232.80000591278076,,59900.0,61100.0,0,0,['Bennedict Mathurin'],1,23.400001525878906,
2023-01-07,28,"['Keegan Murray', 'Kevin Huerter', 'Thomas Bryant', 'Tim Hardaway Jr.', 'Domantas Sabonis', 'Jarred Vanderbilt', 'Jonas Valanciunas', 'Russell Westbrook', 'Cole Anthony']","['DeMar DeRozan', 'Kevin Huerter', 'Jordan Poole', 'Franz Wagner', 'Christian Wood', 'Keegan Murray', 'LeBron James', 'Jordan Clarkson', 'Jonas Valanciunas']",348.0,,340.99999237060547,,59600.0,67900.0,0,0,"['Jonas Valanciunas', 'Keegan Murray', 'Kevin Huerter']",3,99.70000076293945,
2023-01-08,73,"['Dillon Brooks', 'Isaiah Stewart', 'Josh Hart', 'Kyrie Irving', 'Scottie Barnes', 'Ivica Zubac', 'Spencer Dinwiddie', 'Jusuf Nurkic', ""D'Angelo Russell""]","['Tobias Harris', ""De'Andre Hunter"", 'Trae Young', 'Kevin Durant', 'Jalen McDaniels', 'Bojan Bogdanovic', 'Tyrese Haliburton', 'Mason Plumlee', 'Jalen Williams']",339.2000045776367,,298.4999942779541,,59200.0,68300.0,0,0,[],0,0.0,0.0
2023-01-09,44,"['Tyus Jones', 'Zach LaVine', 'Jonas Valanciunas', 'Jrue Holiday', 'Bruce Brown', 'Jaren Jackson Jr.', 'Brook Lopez', 'Dillon Brooks', 'Jakob Poeltl']","['Jrue Holiday', 'Jalen Brunson', 'Jonas Valanciunas', 'Jalen Brunson', 'Zach Collins', 'Jaren Jackson Jr.', 'Franz Wagner', 'DeMar DeRozan', 'Mitchell Robinson']",329.2999973297119,,311.70000648498535,,59800.0,65400.0,0,1,"['Jrue Holiday', 'Jonas Valanciunas', 'Jaren Jackson Jr.']",3,112.60000228881836,
2023-01-10,55,"['Walker Kessler', 'Donovan Mitchell', 'Jordan Clarkson', 'Kawhi Leonard', 'Terry Rozier', 'Saddiq Bey', 'Luguentz Dort', 'Mikal Bridges', 'Kevon Looney']","['Killian Hayes', 'Christian Wood', 'Luka Doncic', 'P.J. Washington', 'Alec Burks', 'Jordan Clarkson', 'Klay Thompson', 'Luguentz Dort', 'Darius Garland']",364.0000057220459,,279.3999996185303,,59800.0,68100.0,0,0,"['Luguentz Dort', 'Jordan Clarkson']",2,62.80000114440918,
2023-01-11,58,"['Bogdan Bogdanovic', 'Tre Jones', 'Zach Collins', 'Mitchell Robinson', 'Jaylen Brown', 'Harrison Barnes', 'Malcolm Brogdon', 'Saddiq Bey', 'CJ McCollum']","['Jakob Poeltl', 'Jakob Poeltl', 'Domantas Sabonis', 'Jabari Smith Jr.', 'Dejounte Murray', 'Jabari Smith Jr.', 'Jonas Valanciunas', 'Dejounte Murray', 'Zach Collins']",373.0999927520752,,287.49999237060547,,58200.0,62200.0,0,3,['Zach Collins'],1,36.39999771118164,
2023-01-12,47,"['Jarrett Allen', 'Tobias Harris', 'Jalen Williams', 'Tim Hardaway Jr.', 'Marcus Smart', 'Christian Wood', 'Brook Lopez', 'Anfernee Simons', 'Ben Simmons']","['P.J. Washington', 'Brook Lopez', 'Josh Giddey', 'Jarrett Allen', 'Bobby Portis', 'Ben Simmons', 'Jalen Williams', 'Bam Adebayo', 'Scottie Barnes']",312.49999809265137,,318.0999984741211,,58800.0,62900.0,0,0,"['Ben Simmons', 'Brook Lopez', 'Jalen Williams', 'Jarrett Allen']",4,130.89999961853027,
2023-01-13,73,"['Jordan Clarkson', 'Domantas Sabonis', 'John Wall', 'Jabari Smith Jr.', 'Walker Kessler', 'Walker Kessler', 'Buddy Hield', 'Anthony Edwards', 'Bennedict Mathurin']","['Kristaps Porzingis', 'Zach Collins', 'Luguentz Dort', 'Bogdan Bogdanovic', 'Paolo Banchero', 'Jamal Murray', 'Saddiq Bey', 'Jalen Green', 'Klay Thompson']",401.7000045776367,,227.29999542236328,,59400.0,62500.0,1,0,[],0,0.0,0.0
2023-01-14,52,"['Marcus Smart', 'Mike Conley', 'Anfernee Simons', 'Anthony Edwards', 'Dejounte Murray', 'Jaden McDaniels', 'Anfernee Simons', 'Walker Kessler', 'Jaren Jackson Jr.']","['Dejounte Murray', 'Caris LeVert', 'Jaren Jackson Jr.', 'Damian Lillard', 'LaMelo Ball', 'Gary Trent Jr.', 'Jordan Clarkson', 'Evan Mobley', 'Fred VanVleet']",331.40000343322754,,331.6000051498413,,60000.0,70200.0,1,0,"['Jaren Jackson Jr.', 'Dejounte Murray']",2,80.10000228881836,
2023-01-15,60,"['Saddiq Bey', 'Jeremy Sochan', 'Keegan Murray', 'Josh Giddey', 'Josh Hart', 'Keldon Johnson', 'Harrison Barnes', 'Nic Claxton', 'Spencer Dinwiddie']","['Killian Hayes', 'Jamal Murray', 'Zach LaVine', 'Bones Hyland', 'Markelle Fultz', 'Norman Powell', 'Josh Hart', 'Harrison Barnes', 'Thomas Bryant']",309.89999771118164,,271.50000190734863,,57400.0,61600.0,0,0,"['Harrison Barnes', 'Josh Hart']",2,65.30000114440918,
2023-01-16,77,"['Kyle Anderson', 'Julius Randle', 'Walker Kessler', ""De'Andre Hunter"", 'Jalen McDaniels', 'Dennis Schroder', 'Bam Adebayo', 'Draymond Green', 'Derrick White']","['Jalen Smith', 'Jimmy Butler', 'Rudy Gobert', 'Naz Reid', 'Myles Turner', 'Mikal Bridges', 'Bogdan Bogdanovic', 'Steven Adams', 'Jarred Vanderbilt']",369.1000003814697,,244.90000772476196,,59600.0,60900.0,0,0,[],0,0.0,0.0
2023-01-17,34,"['Keldon Johnson', 'Kentavious Caldwell-Pope', 'Aaron Gordon', 'Ben Simmons', 'Nic Claxton', 'Ivica Zubac', 'Keldon Johnson', 'Jrue Holiday', 'Fred VanVleet']","['Ben Simmons', 'Ben Simmons', 'Jakob Poeltl', 'Kawhi Leonard', 'Brook Lopez', 'Aaron Gordon', 'Damian Lillard', 'Aaron Gordon', 'Anfernee Simons']",432.49999237060547,,337.70000648498535,,59900.0,66200.0,1,2,"['Ben Simmons', 'Aaron Gordon']",2,84.9000015258789,
2023-01-18,80,"['Jamal Murray', 'Lauri Markkanen', 'John Collins', 'Kevin Huerter', 'Kevin Huerter', 'Bruce Brown', 'Caris LeVert', 'Dejounte Murray', 'Steven Adams']","['Dillon Brooks', 'Jalen Green', 'Kristaps Porzingis', 'Josh Giddey', 'Kyle Lowry', 'Jalen McDaniels', 'LeBron James', 'Thomas Bryant', 'Mitchell Robinson']",363.20000648498535,,304.69999980926514,,59400.0,64600.0,1,0,[],0,0.0,0.0
2023-01-19,32,"['Deandre Ayton', 'Marcus Smart', 'Mikal Bridges', 'Al Horford', 'Jerami Grant', 'Jaylen Brown', 'Kyle Anderson', 'Jaden McDaniels', ""D'Angelo Russell""]","['Gary Trent Jr.', 'Draymond Green', 'Joel Embiid', 'Scottie Barnes', ""D'Angelo Russell"", 'Scottie Barnes', 'Joel Embiid', 'Anfernee Simons', 'Jusuf Nurkic']",350.10000801086426,,356.399995803833,,59600.0,73800.0,0,2,"[""D'Angelo Russell""]",1,40.20000076293945,
2023-01-20,83,"['Jordan Clarkson', 'Dejounte Murray', 'John Collins', 'Jeremy Sochan', 'Mike Conley', 'Onyeka Okongwu', 'Kevon Looney', 'Jordan Clarkson', 'Donte DiVincenzo']","['Terance Mann', 'RJ Barrett', 'Trae Young', 'Norman Powell', 'Kevon Looney', 'Jarrett Allen', 'Ivica Zubac', 'Bam Adebayo', 'Kevon Looney']",346.29999923706055,,296.3999948501587,,57100.0,62800.0,1,1,['Kevon Looney'],1,42.39999771118164,
2023-01-21,47,"['Buddy Hield', 'Tyrese Maxey', 'Gordon Hayward', 'Mason Plumlee', 'Jalen McDaniels', 'Alperen Sengun', 'Anthony Edwards', 'Jaden McDaniels', ""D'Angelo Russell""]","['John Collins', 'Mikal Bridges', 'Mason Plumlee', 'Evan Mobley', 'Deni Avdija', 'Daniel Gafford', 'Andrew Nembhard', 'Mikal Bridges', 'Mikal Bridges']",346.0999975204468,,288.50001335144043,,59800.0,58400.0,0,2,['Mason Plumlee'],1,44.20000076293945,
2023-01-22,51,"['Jordan Poole', 'Kevon Looney', 'Desmond Bane', 'Dennis Schroder', 'Thomas Bryant', 'Thomas Bryant', 'Aaron Gordon', 'Jimmy Butler', 'Anfernee Simons']","['Jerami Grant', 'Luka Doncic', 'Bam Adebayo', 'Jamal Murray', 'Jerami Grant', 'Ivica Zubac', 'Chris Paul', 'Nic Claxton', 'Jimmy Butler']",373.99999618530273,,338.70000076293945,,60000.0,73300.0,1,1,['Jimmy Butler'],1,39.79999923706055,
2023-01-23,63,"[""D'Angelo Russell"", 'Lauri Markkanen', 'Cole Anthony', 'Jeremy Sochan', 'Jalen Duren', 'Jaden Ivey', 'Markelle Fultz', 'Rudy Gobert', 'Jusuf Nurkic']","['Giannis Antetokounmpo', 'Alperen Sengun', 'Lauri Markkanen', ""De'Aaron Fox"", 'Keldon Johnson', 'Malik Beasley', ""De'Aaron Fox"", 'Zach Collins', 'Anthony Edwards']",373.0,,329.3999996185303,,59200.0,71800.0,0,1,['Lauri Markkanen'],1,45.19999694824219,
2023-01-24,54,"['Derrick White', 'Tim Hardaway Jr.', 'Larry Nance Jr.', 'Donovan Mitchell', 'Max Strus', 'Immanuel Quickley', 'Victor Oladipo', 'Kyle Kuzma', 'Myles Turner']","['Immanuel Quickley', 'Victor Oladipo', 'Kentavious Caldwell-Pope', 'Aaron Gordon', 'Caris LeVert', 'Dennis Schroder', 'Myles Turner', 'Kyle Kuzma', 'Ivica Zubac']",289.50000762939453,,213.70000457763672,,57700.0,58400.0,0,0,"['Myles Turner', 'Kyle Kuzma', 'Victor Oladipo', 'Immanuel Quickley']",4,121.10000419616699,
2023-01-25,87,"['Jeremy Sochan', 'Clint Capela', ""De'Anthony Melton"", 'Jarred Vanderbilt', 'Dennis Schroder', 'Bogdan Bogdanovic', 'Bennedict Mathurin', 'CJ McCollum', 'Buddy Hield']","['Thomas Bryant', 'Kyrie Irving', 'Walker Kessler', 'Jordan Poole', 'Walker Kessler', 'Tre Jones', 'Bruce Brown', 'Anthony Edwards', 'Tyus Jones']",345.0,,268.50000381469727,,55400.0,67000.0,0,1,[],0,0.0,0.0
2023-01-26,50,"['Evan Mobley', 'Spencer Dinwiddie', 'Gordon Hayward', 'Deandre Ayton', 'Jalen Brunson', 'Mason Plumlee', 'Jabari Smith Jr.', 'Spencer Dinwiddie', 'Al Horford']","['Mikal Bridges', 'Jarrett Allen', 'Gordon Hayward', 'Alperen Sengun', 'Saddiq Bey', 'Terry Rozier', 'Isaiah Stewart', 'Spencer Dinwiddie', 'Julius Randle']",361.59999561309814,,344.7000045776367,,60000.0,65600.0,1,0,"['Spencer Dinwiddie', 'Gordon Hayward']",2,85.39999580383301,
2023-01-27,45,"['Naz Reid', 'Darius Garland', 'Donte DiVincenzo', 'Jaden McDaniels', 'Donte DiVincenzo', 'Kyle Anderson', ""D'Angelo Russell"", 'Darius Garland', 'Evan Mobley']","['Josh Giddey', 'Scottie Barnes', 'Tyus Jones', 'Jordan Poole', 'Jarrett Allen', 'Jaden McDaniels', 'Tyus Jones', 'Shai Gilgeous-Alexander', 'Jarrett Allen']",367.20000076293945,,234.89999961853027,,58900.0,67700.0,2,2,['Jaden McDaniels'],1,18.700000762939453,
2023-01-28,99,"['Jabari Smith Jr.', 'Jaden Ivey', 'Ivica Zubac', 'RJ Barrett', ""Royce O'Neale"", 'Spencer Dinwiddie', 'Jerami Grant', ""De'Aaron Fox"", 'Walker Kessler']","['Norman Powell', 'Franz Wagner', 'Jarred Vanderbilt', 'Malcolm Brogdon', 'Jakob Poeltl', 'RJ Barrett', 'Tre Jones', 'Trae Young', 'Malik Beasley']",368.3999996185303,,268.29999828338623,,59800.0,59800.0,0,0,['RJ Barrett'],1,36.19999694824219,
2023-01-29,20,"['Naji Marshall', 'Jarrett Allen', 'Andrew Nembhard', 'Tyus Jones', 'Caris LeVert', 'Bennedict Mathurin', 'Caris LeVert', 'Evan Mobley', 'Jaren Jackson Jr.']","['Myles Turner', 'Naji Marshall', 'Jaren Jackson Jr.', 'Jaren Jackson Jr.', 'Andrew Nembhard', 'Andrew Nembhard', 'Ivica Zubac', 'Myles Turner', 'Donovan Mitchell']",272.5000057220459,,238.70000076293945,,56200.0,60400.0,1,3,"['Andrew Nembhard', 'Naji Marshall', 'Jaren Jackson Jr.']",3,93.0,
2023-01-30,74,"['Jalen Williams', 'Paolo Banchero', 'Anfernee Simons', 'Paolo Banchero', 'Zach Collins', 'Onyeka Okongwu', 'Dejounte Murray', 'Bogdan Bogdanovic', 'Josh Hart']","['James Harden', 'Bojan Bogdanovic', 'Jaden Ivey', 'Kyrie Irving', 'Markelle Fultz', ""De'Anthony Melton"", 'Domantas Sabonis', 'Joel Embiid', 'Domantas Sabonis']",358.49999618530273,,337.6000003814697,,57900.0,76700.0,1,1,[],0,0.0,0.0
2023-01-31,42,"['LaMelo Ball', 'Norman Powell', 'Zach LaVine', 'Jarrett Allen', 'Immanuel Quickley', 'Norman Powell', 'Michael Porter Jr.', 'Kawhi Leonard', 'P.J. Washington']","['Evan Mobley', 'Aaron Gordon', 'Aaron Gordon', 'Thomas Bryant', 'Tyler Herro', 'Julius Randle', 'Donovan Mitchell', 'Bruce Brown', 'Tyler Herro']",393.3999900817871,,255.99999141693115,,60000.0,64900.0,1,2,[],0,0.0,0.0
2023-02-01,70,"['Zach Collins', 'Jaren Jackson Jr.', 'Donte DiVincenzo', 'Anfernee Simons', 'Jabari Smith Jr.', 'Walker Kessler', 'Jaden McDaniels', ""Royce O'Neale"", 'Ja Morant']","['Klay Thompson', 'Ja Morant', 'Dillon Brooks', 'Damian Lillard', 'Domantas Sabonis', 'Cole Anthony', 'John Collins', 'Jaylen Brown', 'Deandre Ayton']",303.3999996185303,,331.0999984741211,,58700.0,70400.0,0,0,['Ja Morant'],1,58.79999923706055,
2023-02-02,50,"['Kentavious Caldwell-Pope', 'Ivica Zubac', 'Donte DiVincenzo', 'Dennis Schroder', 'Jordan Poole', 'Giannis Antetokounmpo', 'Jarrett Allen', 'Jonas Valanciunas', 'Dennis Schroder']","['Darius Garland', 'Herbert Jones', 'Buddy Hield', 'Jimmy Butler', 'Jarrett Allen', 'Donte DiVincenzo', 'Dennis Schroder', 'Mason Plumlee', 'Gordon Hayward']",321.70000076293945,,261.30000400543213,,59100.0,58900.0,1,0,"['Jarrett Allen', 'Donte DiVincenzo', 'Dennis Schroder']",3,90.80000114440918,
2023-02-03,74,"['Kevin Huerter', ""D'Angelo Russell"", 'Kevin Huerter', 'Jakob Poeltl', 'Tyrese Maxey', 'Jaylen Brown', 'Harrison Barnes', 'Josh Hart', 'Buddy Hield']","['Terry Rozier', 'Jaden Ivey', 'Zach Collins', 'Tobias Harris', 'Myles Turner', 'Dejounte Murray', 'Bojan Bogdanovic', 'Tobias Harris', 'Anfernee Simons']",359.20000076293945,,277.79999828338623,,57400.0,61300.0,1,1,[],0,0.0,0.0
2023-02-04,78,"['Josh Hart', 'Herbert Jones', 'Josh Giddey', 'Tyler Herro', 'Jimmy Butler', 'Deni Avdija', 'Kevon Looney', 'Jalen Brunson', 'Jonas Valanciunas']","['Aaron Gordon', 'Jimmy Butler', 'Damian Lillard', 'Chris Paul', 'Ivica Zubac', 'Patrick Williams', 'Jabari Smith Jr.', 'Chris Paul', 'Mikal Bridges']",366.80000495910645,,284.3999996185303,,59400.0,66000.0,0,1,['Jimmy Butler'],1,49.10000228881836,
2023-02-05,62,"['Fred VanVleet', 'P.J. Washington', 'Bruce Brown', 'Terry Rozier', 'Wendell Carter Jr.', 'Desmond Bane', 'Paolo Banchero', 'Michael Porter Jr.', 'Tyus Jones']","['T.J. McConnell', 'CJ McCollum', 'Gary Trent Jr.', 'Myles Turner', 'Gordon Hayward', 'Buddy Hield', 'Kyle Anderson', 'Jalen McDaniels', ""D'Angelo Russell""]",322.7999954223633,,212.8000030517578,,59900.0,58200.0,0,0,[],0,0.0,0.0
2023-02-06,80,"['Ivica Zubac', 'Ivica Zubac', 'Derrick White', 'Keegan Murray', 'Keldon Johnson', 'Nikola Vucevic', 'Jordan Poole', 'Brook Lopez', 'Draymond Green']","['Paul George', 'Khris Middleton', 'Keegan Murray', 'Jerami Grant', 'Jalen Duren', 'Saddiq Bey', 'Norman Powell', 'Jrue Holiday', 'Jerami Grant']",374.79999923706055,,274.6999988555908,,59000.0,58100.0,1,0,['Keegan Murray'],1,43.70000076293945,
2023-02-07,79,"[""Royce O'Neale"", 'Herbert Jones', 'Nikola Vucevic', 'Jonas Valanciunas', 'Nic Claxton', 'John Collins', 'Russell Westbrook', 'Naji Marshall', 'CJ McCollum']","['Rudy Gobert', 'Naji Marshall', 'Jalen Brunson', ""D'Angelo Russell"", ""De'Andre Hunter"", 'Immanuel Quickley', 'CJ McCollum', ""Royce O'Neale"", 'Bruce Brown']",332.09999656677246,,191.70000171661377,,60000.0,58800.0,0,0,"[""Royce O'Neale"", 'Naji Marshall']",2,33.29999923706055,
2023-02-08,103,"['P.J. Washington', 'Norman Powell', 'Caris LeVert', 'Keldon Johnson', 'Pascal Siakam', 'Donte DiVincenzo', 'Deni Avdija', 'Naz Reid', 'Terry Rozier']","['Fred VanVleet', 'Jaylen Brown', 'Jakob Poeltl', 'Paul George', 'Kawhi Leonard', 'Caris LeVert', 'Jakob Poeltl', 'Buddy Hield', 'Ivica Zubac']",341.1000061035156,,271.8000020980835,,56900.0,67300.0,0,0,['Caris LeVert'],1,32.5,
2023-02-09,49,"['Trae Young', 'Aaron Gordon', 'Dennis Schroder', 'Cole Anthony', 'Kentavious Caldwell-Pope', 'Aaron Gordon', 'Dennis Schroder', 'Brook Lopez', 'Clint Capela']","['Dennis Schroder', 'Khris Middleton', 'Patrick Williams', 'Dennis Schroder', 'DeMar DeRozan', 'Jrue Holiday', 'Bogdan Bogdanovic', 'Zach LaVine', 'Ben Simmons']",414.00000190734863,,271.50000190734863,,59900.0,58700.0,0,1,['Dennis Schroder'],1,48.400001525878906,
2023-02-10,141,"['Jalen Brunson', 'Tyrese Maxey', 'Derrick White', 'Ivica Zubac', 'Kyle Anderson', 'Isaiah Stewart', 'Tyler Herro', 'James Harden', 'Jaylen Nowell']","['Chris Paul', 'Tyrese Maxey', 'Tyrese Maxey', 'Giannis Antetokounmpo', 'Robert Williams III', 'LaMelo Ball', 'Kyrie Irving', 'Jaren Jackson Jr.', 'Kyle Anderson']",358.3000087738037,,345.5,,58800.0,71500.0,0,0,"['Tyrese Maxey', 'Kyle Anderson']",2,61.20000076293945,
2023-02-11,120,"['Monte Morris', 'Jalen Brunson', 'Keegan Murray', 'Kyrie Irving', 'Josh Hart', ""De'Andre Hunter"", ""De'Andre Hunter"", 'Dennis Schroder', 'Bradley Beal']","['Kevon Looney', 'Keegan Murray', 'Markelle Fultz', 'Terry Rozier', 'Kyrie Irving', 'Josh Hart', 'Klay Thompson', 'Tyrese Haliburton', 'Draymond Green']",350.20000076293945,,303.5,,58400.0,64100.0,0,0,"['Keegan Murray', 'Kyrie Irving']",2,71.60000228881836,
2023-02-12,29,"['Bojan Bogdanovic', 'Desmond Bane', 'Derrick White', 'Jakob Poeltl', 'Jalen Duren', 'Jaren Jackson Jr.', 'Santi Aldama', 'Dillon Brooks', 'Robert Williams III']","['Jayson Tatum', 'Jakob Poeltl', 'Ja Morant', 'Tyus Jones', 'Fred VanVleet', 'Ja Morant', 'Desmond Bane', 'Derrick White', 'Tyus Jones']",277.99999713897705,,294.6999936103821,,59100.0,73500.0,0,0,['Desmond Bane'],1,42.69999694824219,
2023-02-13,71,"['Bogdan Bogdanovic', 'Spencer Dinwiddie', 'Jalen Brunson', 'Immanuel Quickley', 'Jalen Williams', 'Josh Hart', 'Markelle Fultz', 'Jaden McDaniels', 'Kevon Looney']","['Zach LaVine', 'Franz Wagner', 'Kyrie Irving', 'Mike Conley', 'Tyrese Maxey', 'LaMelo Ball', 'Jalen Green', 'Andrew Wiggins', 'Jimmy Butler']",343.8999996185303,,391.7000026702881,,57100.0,68500.0,0,0,[],0,0.0,0.0
2023-02-14,36,"['Derrick White', 'Jrue Holiday', 'Norman Powell', 'Markelle Fultz', 'Scottie Barnes', 'Kevin Huerter', 'Kevin Huerter', 'Keegan Murray', 'Mason Plumlee']","['Donte DiVincenzo', 'Draymond Green', 'Jrue Holiday', 'Harrison Barnes', 'Fred VanVleet', 'Paolo Banchero', 'Ivica Zubac', 'Jakob Poeltl', 'Pascal Siakam']",339.60000228881836,,304.3000020980835,,57800.0,63800.0,1,0,['Jrue Holiday'],1,60.500003814697266,
2023-02-15,64,"['P.J. Washington', 'Mikal Bridges', 'RJ Barrett', 'Zach LaVine', 'Walker Kessler', 'Kentavious Caldwell-Pope', 'CJ McCollum', ""De'Andre Hunter"", 'Bojan Bogdanovic']","['Clint Capela', 'Caris LeVert', 'Dennis Schroder', 'Shai Gilgeous-Alexander', 'Bogdan Bogdanovic', 'Shai Gilgeous-Alexander', 'Nikola Jokic', 'Jalen Duren', 'Jalen Williams']",388.6000003814697,,253.99999713897705,,59800.0,69500.0,0,1,[],0,0.0,0.0
2023-02-16,22,"['Brook Lopez', 'Zach LaVine', 'Naz Reid', 'Kristaps Porzingis', 'Kyle Anderson', 'Mason Plumlee', 'Rudy Gobert', 'Mason Plumlee', 'Jaden McDaniels']","['Kristaps Porzingis', 'Mike Conley', 'Mason Plumlee', 'Mike Conley', 'Naz Reid', 'Kyle Anderson', 'Kristaps Porzingis', 'Bradley Beal', 'Mike Conley']",294.0,,254.600004196167,,60000.0,62600.0,1,3,"['Naz Reid', 'Kristaps Porzingis', 'Mason Plumlee', 'Kyle Anderson']",4,112.70000076293945,
2023-02-23,68,"['Draymond Green', 'Robert Williams III', 'Josh Richardson', 'Caris LeVert', 'Josh Giddey', 'Lauri Markkanen', 'Zach Collins', 'Jarrett Allen', 'Bennedict Mathurin']","['Zach Collins', 'Bojan Bogdanovic', 'Michael Porter Jr.', 'Jordan Clarkson', 'Luka Doncic', 'Donte DiVincenzo', 'Kyrie Irving', 'James Harden', 'Dennis Schroder']",300.99999809265137,,316.1000051498413,,59700.0,68800.0,0,0,['Zach Collins'],1,34.900001525878906,
2023-02-24,67,"['Kyle Anderson', 'Onyeka Okongwu', 'Norman Powell', 'RJ Barrett', 'Darius Garland', 'Klay Thompson', 'Jrue Holiday', 'Khris Middleton', 'Gordon Hayward']","['Mikal Bridges', 'Alperen Sengun', 'Kristaps Porzingis', 'Mikal Bridges', 'Mikal Bridges', 'Donovan Mitchell', 'Deni Avdija', 'DeMar DeRozan', 'Monte Morris']",331.7999973297119,,235.8999900817871,,59800.0,68900.0,0,2,[],0,0.0,0.0
2023-02-25,49,"['Walker Kessler', 'Jimmy Butler', 'Immanuel Quickley', 'Keldon Johnson', 'Franz Wagner', 'Zach Collins', 'Gordon Hayward', 'Tyus Jones', 'Josh Hart']","['Wendell Carter Jr.', 'Nikola Jokic', 'Ja Morant', 'Markelle Fultz', 'Markelle Fultz', 'Keldon Johnson', 'Jamal Murray', 'Jordan Clarkson', 'Trey Murphy III']",297.0000057220459,,232.7000026702881,,59400.0,70000.0,0,1,['Keldon Johnson'],1,32.900001525878906,
2023-02-26,70,"['Kyle Anderson', 'Keegan Murray', 'Paul George', 'Naz Reid', 'Jalen Williams', 'Anthony Davis', 'Naz Reid', 'Keegan Murray', 'Tim Hardaway Jr.']","['Damian Lillard', 'Cameron Johnson', 'Luka Doncic', 'Josh Giddey', 'Jakob Poeltl', 'Bogdan Bogdanovic', 'Onyeka Okongwu', 'Jerami Grant', 'Zach LaVine']",399.3000087738037,,351.100004196167,,57700.0,70200.0,2,0,[],0,0.0,0.0
2023-02-27,33,"['Franz Wagner', 'Al Horford', 'Wendell Carter Jr.', 'Immanuel Quickley', 'Killian Hayes', 'Paolo Banchero', 'Derrick White', 'Gordon Hayward', 'Franz Wagner']","['CJ McCollum', 'Cole Anthony', 'Malcolm Brogdon', 'RJ Barrett', 'Killian Hayes', 'Cole Anthony', 'Cole Anthony', 'RJ Barrett', 'Franz Wagner']",289.7999973297119,,202.6999969482422,,58100.0,56300.0,1,3,"['Franz Wagner', 'Killian Hayes']",2,78.29999923706055,
2023-02-28,85,"['Khris Middleton', 'Gary Trent Jr.', 'Spencer Dinwiddie', 'Desmond Bane', ""De'Andre Hunter"", 'Kyrie Irving', 'Kevon Looney', 'Daniel Gafford', 'Jeremy Sochan']","['Dejounte Murray', 'Clint Capela', 'Tim Hardaway Jr.', 'Kevin Huerter', 'John Collins', 'Bennedict Mathurin', 'Tari Eason', 'Mason Plumlee', 'Myles Turner']",310.10000228881836,,251.19999504089355,,59800.0,57100.0,0,0,[],0,0.0,0.0
2023-03-01,67,"['Bojan Bogdanovic', 'Killian Hayes', 'Jerami Grant', 'Markelle Fultz', 'Brandon Ingram', 'Robert Williams III', 'Jalen Williams', 'Cameron Johnson', 'Jaden Ivey']","['Trey Murphy III', 'Wendell Carter Jr.', 'Jaden Ivey', 'CJ McCollum', 'Markelle Fultz', 'Malcolm Brogdon', 'Wendell Carter Jr.', 'Gordon Hayward', 'Naji Marshall']",355.70001220703125,,243.19999647140503,,58600.0,58700.0,0,1,"['Markelle Fultz', 'Jaden Ivey']",2,59.70000076293945,
2023-03-02,35,"['Russell Westbrook', 'Jeremy Sochan', 'Daniel Gafford', 'Tyrese Maxey', 'Kyle Kuzma', 'Keita Bates-Diop', 'Buddy Hield', 'Kevon Looney', 'Jakob Poeltl']","['Tobias Harris', 'Myles Turner', 'Draymond Green', 'Tyrese Maxey', 'Mason Plumlee', 'Keita Bates-Diop', 'Klay Thompson', 'Buddy Hield', 'Pascal Siakam']",320.799991607666,,306.09999084472656,,59100.0,62500.0,0,0,"['Keita Bates-Diop', 'Buddy Hield', 'Tyrese Maxey']",3,106.49999618530273,
2023-03-03,86,"['Tyler Herro', 'Russell Westbrook', 'Malik Beasley', 'Trey Murphy III', 'Jaren Jackson Jr.', 'Trey Murphy III', 'Malik Beasley', 'Cameron Johnson', 'Dejounte Murray']","['Robert Williams III', 'Tyus Jones', 'Jalen Brunson', 'Brandon Ingram', 'Terance Mann', 'Brandon Clarke', ""De'Andre Hunter"", 'Jordan Poole', 'Wendell Carter Jr.']",316.2000026702881,,186.7000024318695,,59300.0,58500.0,2,0,[],0,0.0,0.0
2023-03-04,45,"['Jrue Holiday', 'Malik Monk', 'Kevin Huerter', 'Brook Lopez', 'Onyeka Okongwu', 'Keita Bates-Diop', 'Tyrese Maxey', 'Bam Adebayo', 'Kyle Anderson']","['Jaden McDaniels', 'Khris Middleton', 'Jimmy Butler', 'Tari Eason', ""De'Andre Hunter"", 'Jimmy Butler', 'Dejounte Murray', 'Jrue Holiday', 'Rudy Gobert']",335.3000030517578,,306.0000057220459,,58100.0,66400.0,0,1,['Jrue Holiday'],1,49.30000305175781,
2023-03-05,73,"['Spencer Dinwiddie', 'Keita Bates-Diop', 'Tyus Jones', 'Tim Hardaway Jr.', 'Franz Wagner', 'Donte DiVincenzo', 'Deni Avdija', 'Jayson Tatum', 'RJ Barrett']","['Deni Avdija', 'Deni Avdija', 'Paolo Banchero', 'Keita Bates-Diop', 'Tyus Jones', 'Anthony Davis', 'Franz Wagner', 'Paul George', 'Tari Eason']",371.00000381469727,,376.00000381469727,,58500.0,61900.0,0,1,"['Tyus Jones', 'Keita Bates-Diop', 'Franz Wagner', 'Deni Avdija']",4,152.40000343322754,
2023-03-06,50,"['Donovan Mitchell', 'Kevin Huerter', 'Herbert Jones', 'Kentavious Caldwell-Pope', 'Domantas Sabonis', ""De'Andre Hunter"", 'T.J. McConnell', 'Malcolm Brogdon', 'Trey Murphy III']","['Harrison Barnes', 'Jaylen Brown', 'Fred VanVleet', 'Herbert Jones', 'Aaron Gordon', 'Jimmy Butler', 'Jarrett Allen', 'Saddiq Bey', 'Gary Trent Jr.']",349.00000190734863,,322.79999828338623,,58000.0,64000.0,0,0,['Herbert Jones'],1,39.60000228881836,
2023-03-07,58,"['Tyrese Maxey', 'Terry Rozier', 'Tobias Harris', 'Jaden Ivey', 'Cole Anthony', 'Tobias Harris', 'Nic Claxton', 'Lauri Markkanen', 'Jabari Smith Jr.']","['Josh Giddey', 'Jabari Smith Jr.', 'Cameron Johnson', 'Franz Wagner', 'Julius Randle', 'Anthony Davis', 'Malik Beasley', 'Terry Rozier', 'Bradley Beal']",387.7999973297119,,323.70000076293945,,59600.0,69000.0,1,0,"['Jabari Smith Jr.', 'Terry Rozier']",2,64.10000038146973,
2023-03-08,62,"['Deni Avdija', 'Bogdan Bogdanovic', 'Tim Hardaway Jr.', 'Ivica Zubac', 'Bogdan Bogdanovic', 'Trey Murphy III', 'Damian Lillard', 'Fred VanVleet', 'Kentavious Caldwell-Pope']","['Donovan Mitchell', 'Bradley Beal', 'Jamal Murray', 'Trey Murphy III', 'Saddiq Bey', 'John Collins', 'Luguentz Dort', 'Ivica Zubac', 'Josh Richardson']",294.1999988555908,,218.79999923706055,,58900.0,60700.0,1,0,"['Ivica Zubac', 'Trey Murphy III']",2,68.29999923706055,
2023-03-09,46,"['Killian Hayes', 'Brook Lopez', 'Keegan Murray', 'Terry Rozier', 'Josh Hart', 'Cole Anthony', 'Jabari Smith Jr.', 'Gordon Hayward', 'T.J. McConnell']","['P.J. Washington', 'Cole Anthony', 'Jalen Duren', 'Jrue Holiday', 'Terry Rozier', 'Tari Eason', 'Donte DiVincenzo', 'Jalen Green', 'Desmond Bane']",325.899995803833,,253.70000410079956,,58200.0,62000.0,0,0,"['Cole Anthony', 'Terry Rozier']",2,66.90000057220459,
2023-03-10,61,"['Tyler Herro', 'Rudy Gobert', 'Tre Jones', 'Jakob Poeltl', 'Delon Wright', 'John Collins', ""De'Andre Hunter"", ""D'Angelo Russell"", 'Spencer Dinwiddie']","['Malik Beasley', 'Tyler Herro', 'James Harden', 'Bradley Beal', 'Naz Reid', 'Rudy Gobert', 'Keldon Johnson', 'Malik Beasley', 'Dejounte Murray']",361.0,,287.7999973297119,,60000.0,66200.0,0,1,"['Rudy Gobert', 'Tyler Herro']",2,100.4000015258789,
2023-03-11,67,"['Donte DiVincenzo', 'Jabari Smith Jr.', 'Draymond Green', 'CJ McCollum', 'Harrison Barnes', 'Saddiq Bey', 'Killian Hayes', 'Stephen Curry', 'Jalen Duren']","['Jonas Valanciunas', 'CJ McCollum', 'Alperen Sengun', 'Killian Hayes', 'Jordan Poole', 'Saddiq Bey', 'Bam Adebayo', 'Harrison Barnes', 'Tyus Jones']",348.79999923706055,,266.1999988555908,,58900.0,62000.0,0,0,"['Killian Hayes', 'CJ McCollum', 'Saddiq Bey', 'Harrison Barnes']",4,139.29999923706055,
2023-03-12,52,"['Michael Porter Jr.', 'Jonas Valanciunas', 'Trey Murphy III', 'Dennis Smith Jr.', 'CJ McCollum', ""D'Angelo Russell"", 'Dorian Finney-Smith', 'Herbert Jones', 'Cameron Johnson']","['Tyrese Maxey', ""Royce O'Neale"", 'Kristaps Porzingis', 'Tyrese Maxey', 'James Harden', 'Malik Beasley', 'Luguentz Dort', 'Luguentz Dort', 'Immanuel Quickley']",352.10000228881836,,198.5999994277954,,58500.0,62200.0,0,2,[],0,0.0,0.0
2023-03-13,56,"['Jimmy Butler', 'Jabari Smith Jr.', 'Jalen Duren', ""De'Andre Hunter"", 'Klay Thompson', 'Kyle Anderson', 'Kevon Looney', 'Khris Middleton', 'Mike Conley']","['Jayson Tatum', 'Chris Paul', 'Malik Monk', 'Donte DiVincenzo', 'Jalen Green', 'Jaden McDaniels', 'Bogdan Bogdanovic', 'Buddy Hield', 'Buddy Hield']",382.20000076293945,,234.00000143051147,,59500.0,61700.0,0,1,[],0,0.0,0.0
2023-03-14,69,"['Luguentz Dort', 'Immanuel Quickley', 'Trey Murphy III', 'Caris LeVert', 'Josh Hart', 'Deni Avdija', 'Evan Mobley', 'Jusuf Nurkic', 'Josh Giddey']","['Jonas Valanciunas', 'Rui Hachimura', ""D'Angelo Russell"", 'Giannis Antetokounmpo', 'Delon Wright', 'RJ Barrett', 'Jonas Valanciunas', 'Jalen Duren', 'Jonas Valanciunas']",360.4999942779541,,235.39999961853027,,59800.0,63900.0,0,2,[],0,0.0,0.0
2023-03-15,58,"['Christian Wood', 'Donovan Mitchell', 'Russell Westbrook', 'Jarred Vanderbilt', 'Donte DiVincenzo', 'Caris LeVert', 'Malik Monk', 'Keldon Johnson', 'Russell Westbrook']","['Draymond Green', 'Alperen Sengun', 'Jabari Smith Jr.', 'Anthony Edwards', 'Keldon Johnson', 'Jayson Tatum', 'Russell Westbrook', 'Marcus Smart', 'Jimmy Butler']",341.09999084472656,,336.90000343322754,,59400.0,71100.0,1,0,"['Keldon Johnson', 'Russell Westbrook']",2,79.89999771118164,
2023-03-16,44,"['Bruce Brown', 'Markelle Fultz', 'T.J. McConnell', 'Nic Claxton', 'Paolo Banchero', 'Cameron Johnson', 'Aaron Gordon', 'Kentavious Caldwell-Pope', 'Jalen Duren']","[""Royce O'Neale"", 'Kevin Huerter', 'Scottie Barnes', 'Keegan Murray', 'Pascal Siakam', 'Giannis Antetokounmpo', 'Luguentz Dort', 'Jrue Holiday', 'Malik Monk']",324.0,,285.4000017642975,,58400.0,64800.0,0,0,[],0,0.0,0.0
2023-03-17,77,"['Mike Conley', 'DeMar DeRozan', 'Marcus Smart', 'Onyeka Okongwu', 'Rudy Gobert', 'Kyle Anderson', 'Jalen Green', 'Tim Hardaway Jr.', ""De'Andre Hunter""]","['Jordan Poole', 'P.J. Washington', 'Dennis Smith Jr.', 'Bogdan Bogdanovic', 'Jaden McDaniels', 'Damian Lillard', 'Dennis Smith Jr.', 'Trey Murphy III', 'Josh Richardson']",390.200008392334,,252.20000076293945,,58700.0,60300.0,0,1,[],0,0.0,0.0
2023-03-18,70,"['Jakob Poeltl', 'Cole Anthony', 'Kyle Kuzma', 'Malcolm Brogdon', 'Wendell Carter Jr.', 'Gary Trent Jr.', 'Fred VanVleet', 'Derrick White', 'Tobias Harris']","['Scottie Barnes', 'Kyle Kuzma', 'Kevon Looney', 'Franz Wagner', 'Desmond Bane', 'Tyrese Maxey', 'Michael Porter Jr.', 'Paolo Banchero', 'Kyle Anderson']",349.3000030517578,,280.3999996185303,,59900.0,63400.0,0,0,['Kyle Kuzma'],1,48.900001525878906,
2023-03-19,75,"[""Royce O'Neale"", 'Jusuf Nurkic', 'Khris Middleton', 'Franz Wagner', 'Cam Reddish', 'Jalen Green', ""Royce O'Neale"", 'Franz Wagner', 'Chris Paul']","['Khris Middleton', 'Jalen Duren', 'Jamal Murray', 'Jarred Vanderbilt', 'Jalen Duren', 'Jalen Green', 'Trae Young', 'Bobby Portis', ""Royce O'Neale""]",332.6000003814697,,213.6999969482422,,59000.0,64500.0,2,1,"['Jalen Green', 'Khris Middleton', ""Royce O'Neale""]",3,108.0,
2023-03-20,52,"['Josh Hart', 'Gordon Hayward', 'Kelly Olynyk', 'Harrison Barnes', 'Naz Reid', 'Klay Thompson', 'Mike Conley', ""De'Aaron Fox"", 'Keegan Murray']","['Kyrie Irving', 'P.J. Washington', 'Terry Rozier', 'Stephen Curry', 'Julius Randle', 'Jaden McDaniels', 'Jaren Jackson Jr.', 'Jalen Brunson', 'Domantas Sabonis']",341.40000343322754,,358.00001525878906,,57300.0,77500.0,0,0,[],0,0.0,0.0
2023-03-21,59,"['Marcus Smart', 'Clint Capela', 'Russell Westbrook', 'Trae Young', ""Royce O'Neale"", 'Tre Jones', 'Paolo Banchero', 'Derrick White', 'Harrison Barnes']","['Tre Jones', 'Paul George', 'Marcus Smart', 'Malaki Branham', 'Keegan Murray', 'James Wiseman', 'Russell Westbrook', 'Shai Gilgeous-Alexander', 'Josh Giddey']",332.5999984741211,,262.29999923706055,,59600.0,63900.0,0,0,"['Marcus Smart', 'Russell Westbrook', 'Tre Jones']",3,103.5,
2023-03-22,80,"['Bruce Brown', 'Tyrese Maxey', 'Mike Conley', 'Bobby Portis', 'Jaden McDaniels', 'Jakob Poeltl', 'Kelly Olynyk', 'Naz Reid', 'Bogdan Bogdanovic']","['Daniel Gafford', 'Bennedict Mathurin', 'Jaren Jackson Jr.', 'Khris Middleton', 'DeMar DeRozan', 'Kevon Looney', 'Devin Booker', 'Zach LaVine', 'Jordan Poole']",305.3000030517578,,251.4000015258789,,57100.0,67100.0,0,0,[],0,0.0,0.0
2023-03-23,41,"['Immanuel Quickley', 'Evan Mobley', 'Eric Gordon', 'Trey Murphy III', 'Mikal Bridges', 'Cole Anthony', ""Royce O'Neale"", 'Jonas Valanciunas', 'Luguentz Dort']","['Ivica Zubac', 'Kelly Oubre Jr.', 'Jonas Valanciunas', 'Jarrett Allen', 'RJ Barrett', 'Spencer Dinwiddie', 'Donovan Mitchell', 'Jarrett Allen', 'Paolo Banchero']",319.1999931335449,,298.99999046325684,,59100.0,70000.0,0,1,['Jonas Valanciunas'],1,47.29999923706055,
2023-03-24,78,"['Dennis Schroder', 'Kristaps Porzingis', 'Derrick White', 'Kevin Huerter', 'Kevin Porter Jr.', 'Gordon Hayward', 'Josh Giddey', 'Robert Williams III', 'Dennis Schroder']","['Kevin Porter Jr.', 'Chris Paul', 'Jalen Duren', 'Jrue Holiday', 'Xavier Tillman', 'Kristaps Porzingis', 'Buddy Hield', 'Deni Avdija', 'Donte DiVincenzo']",402.8999938964844,,285.9999978542328,,58900.0,62800.0,1,0,"['Kevin Porter Jr.', 'Kristaps Porzingis']",2,90.0,
2023-03-25,44,"['Kentavious Caldwell-Pope', 'Kevin Huerter', 'Bruce Brown', 'Harrison Barnes', 'Jamal Murray', 'Trey Murphy III', 'CJ McCollum', 'Jonas Valanciunas', 'Mikal Bridges']","['Nic Claxton', 'Domantas Sabonis', 'Keegan Murray', 'Devin Booker', 'CJ McCollum', 'Kevin Huerter', 'Eric Gordon', 'Aaron Gordon', 'Trey Murphy III']",349.899995803833,,340.8999996185303,,59600.0,66500.0,0,0,"['Kevin Huerter', 'Trey Murphy III', 'CJ McCollum']",3,142.89999771118164,
2023-03-26,83,"['Josh Giddey', 'Mikal Bridges', 'Mark Williams', 'Clint Capela', 'Scottie Barnes', 'Zach Collins', 'Keita Bates-Diop', 'Delon Wright', 'Malcolm Brogdon']","['Tyus Jones', 'Tari Eason', 'Tim Hardaway Jr.', 'Ja Morant', 'Caris LeVert', 'Onyeka Okongwu', 'Jaden McDaniels', 'Kristaps Porzingis', 'Tre Jones']",345.1000061035156,,221.1000018119812,,59300.0,62000.0,0,0,[],0,0.0,0.0
